date,code,stock_name,market,close,signal_state,roc_pct,lookback,rank_in_date_state,source_strategy,signal_mode,pit_liquidity_final_status
2025-02-05,160190,하이젠알앤엠,KOSDAQ,42000,BUY candidate,141.1022,20,1,001-strategy-universe-momentum,paper_signal_candidate_only,include
2025-02-05,351320,에스에이티이엔지,KOSDAQ,3015,BUY candidate,130.3285,20,2,001-strategy-universe-momentum,paper_signal_candidate_only,include
2025-02-05,010100,한국무브넥스,KOSPI,7040,BUY candidate,120.3443,20,3,001-strategy-universe-momentum,paper_signal_candidate_only,include
2025-02-05,098460,고영,KOSDAQ,17710,BUY candidate,99.2126,20,4,001-strategy-universe-momentum,paper_signal_candidate_only,include
2025-02-05,168360,펨트론,KOSDAQ,9760,BUY candidate,85.5513,20,5,001-strategy-universe-momentum,paper_signal_candidate_only,include
2025-02-05,277810,레인보우로보틱스,KOSDAQ,371000,BUY candidate,75.4137,20,6,001-strategy-universe-momentum,paper_signal_candidate_only,include
2025-02-05,301300,바이브컴퍼니,KOSDAQ,6770,BUY candidate,69.2500,20,7,001-strategy-universe-momentum,paper_signal_candidate_only,include
2025-02-05,123010,아이윈플러스,KOSDAQ,1930,BUY candidate,67.9721,20,8,001-strategy-universe-momentum,paper_signal_candidate_only,include
2025-02-05,332570,와이팜,KOSDAQ,4910,BUY candidate,66.1591,20,9,001-strategy-universe-momentum,paper_signal_candidate_only,include
2025-02-05,430690,한싹,KOSDAQ,6390,BUY candidate,65.5440,20,10,001-strategy-universe-momentum,paper_signal_candidate_only,include
2025-02-05,382150,온코크로스,KOSDAQ,10060,BUY candidate,58.9258,20,11,001-strategy-universe-momentum,paper_signal_candidate_only,include
2025-02-05,042660,한화오션,KOSPI,60000,BUY candidate,58.7302,20,12,001-strategy-universe-momentum,paper_signal_candidate_only,include
2025-02-05,208710,바이오로그디바이스,KOSDAQ,667,BUY candidate,56.9412,20,13,001-strategy-universe-momentum,paper_signal_candidate_only,include
2025-02-05,042000,카페24,KOSDAQ,56200,BUY candidate,56.5460,20,14,001-strategy-universe-momentum,paper_signal_candidate_only,include
2025-02-05,297090,씨에스베어링,KOSDAQ,7270,BUY candidate,56.0086,20,15,001-strategy-universe-momentum,paper_signal_candidate_only,include
2025-02-05,051630,진양화학,KOSPI,5520,BUY candidate,55.2743,20,16,001-strategy-universe-momentum,paper_signal_candidate_only,include
2025-02-05,317830,에스피시스템스,KOSDAQ,8820,BUY candidate,54.1958,20,17,001-strategy-universe-momentum,paper_signal_candidate_only,include
2025-02-05,108490,로보티즈,KOSDAQ,40650,BUY candidate,53.3962,20,18,001-strategy-universe-momentum,paper_signal_candidate_only,include
2025-02-05,080220,제주반도체,KOSDAQ,14030,BUY candidate,52.5000,20,19,001-strategy-universe-momentum,paper_signal_candidate_only,include
2025-02-05,010770,평화홀딩스,KOSPI,3770,BUY candidate,52.3232,20,20,001-strategy-universe-momentum,paper_signal_candidate_only,include
2025-02-05,019490,엑시큐어하이트론,KOSPI,829,SELL candidate,-71.2652,20,1,001-strategy-universe-momentum,paper_signal_candidate_only,include
2025-02-05,381620,제닉스,KOSDAQ,9600,SELL candidate,-62.3529,20,2,001-strategy-universe-momentum,paper_signal_candidate_only,include
2025-02-05,065650,하이퍼코퍼레이션,KOSDAQ,518,SELL candidate,-57.5410,20,3,001-strategy-universe-momentum,paper_signal_candidate_only,include
2025-02-05,206400,베노티앤알,KOSDAQ,1749,SELL candidate,-44.1214,20,4,001-strategy-universe-momentum,paper_signal_candidate_only,include
2025-02-05,015020,이스타코,KOSPI,1270,SELL candidate,-43.0493,20,5,001-strategy-universe-momentum,paper_signal_candidate_only,include
2025-02-05,387570,파인메딕스,KOSDAQ,7750,SELL candidate,-41.8168,20,6,001-strategy-universe-momentum,paper_signal_candidate_only,include
2025-02-05,012170,아센디오,KOSPI,240,SELL candidate,-37.6623,20,7,001-strategy-universe-momentum,paper_signal_candidate_only,include
2025-02-05,064960,SNT모티브,KOSPI,25650,SELL candidate,-36.4312,20,8,001-strategy-universe-momentum,paper_signal_candidate_only,include
2025-02-05,065500,오리엔트정공,KOSDAQ,4535,SELL candidate,-35.3989,20,9,001-strategy-universe-momentum,paper_signal_candidate_only,include
2025-02-05,196300,애니젠,KOSDAQ,7190,SELL candidate,-35.1083,20,10,001-strategy-universe-momentum,paper_signal_candidate_only,include
2025-02-05,013360,일성건설,KOSPI,3020,SELL candidate,-33.4802,20,11,001-strategy-universe-momentum,paper_signal_candidate_only,include
2025-02-05,045340,토탈소프트,KOSDAQ,7140,SELL candidate,-31.2139,20,12,001-strategy-universe-momentum,paper_signal_candidate_only,include
2025-02-05,298060,에스씨엠생명과학,KOSDAQ,1352,SELL candidate,-28.8421,20,13,001-strategy-universe-momentum,paper_signal_candidate_only,include
2025-02-05,214610,미코바이오메드,KOSDAQ,1101,SELL candidate,-28.8300,20,14,001-strategy-universe-momentum,paper_signal_candidate_only,include
2025-02-05,025950,동신건설,KOSDAQ,42450,SELL candidate,-27.1870,20,15,001-strategy-universe-momentum,paper_signal_candidate_only,include
2025-02-05,016920,카스,KOSDAQ,1840,SELL candidate,-26.5469,20,16,001-strategy-universe-momentum,paper_signal_candidate_only,include
2025-02-05,432980,엠에프씨,KOSDAQ,4145,SELL candidate,-26.3766,20,17,001-strategy-universe-momentum,paper_signal_candidate_only,include
2025-02-05,321370,센서뷰,KOSDAQ,1235,SELL candidate,-25.6024,20,18,001-strategy-universe-momentum,paper_signal_candidate_only,include
2025-02-05,179900,유티아이,KOSDAQ,20950,SELL candidate,-25.1786,20,19,001-strategy-universe-momentum,paper_signal_candidate_only,include
2025-02-05,018500,동원금속,KOSPI,1855,SELL candidate,-25.0505,20,20,001-strategy-universe-momentum,paper_signal_candidate_only,include
2025-02-06,160190,하이젠알앤엠,KOSDAQ,42050,BUY candidate,140.4231,20,1,001-strategy-universe-momentum,paper_signal_candidate_only,include
2025-02-06,010100,한국무브넥스,KOSPI,7300,BUY candidate,127.0607,20,2,001-strategy-universe-momentum,paper_signal_candidate_only,include
2025-02-06,351320,에스에이티이엔지,KOSDAQ,2790,BUY candidate,112.1673,20,3,001-strategy-universe-momentum,paper_signal_candidate_only,include
2025-02-06,098460,고영,KOSDAQ,17560,BUY candidate,100.2281,20,4,001-strategy-universe-momentum,paper_signal_candidate_only,include
2025-02-06,161580,필옵틱스,KOSDAQ,38300,BUY candidate,87.2861,20,5,001-strategy-universe-momentum,paper_signal_candidate_only,include
2025-02-06,332570,와이팜,KOSDAQ,5250,BUY candidate,86.1702,20,6,001-strategy-universe-momentum,paper_signal_candidate_only,include
2025-02-06,112290,와이씨켐,KOSDAQ,25000,BUY candidate,78.4440,20,7,001-strategy-universe-momentum,paper_signal_candidate_only,include
2025-02-06,382150,온코크로스,KOSDAQ,13070,BUY candidate,73.5724,20,8,001-strategy-universe-momentum,paper_signal_candidate_only,include
2025-02-06,168360,펨트론,KOSDAQ,10000,BUY candidate,70.9402,20,9,001-strategy-universe-momentum,paper_signal_candidate_only,include
2025-02-06,301300,바이브컴퍼니,KOSDAQ,6810,BUY candidate,70.0375,20,10,001-strategy-universe-momentum,paper_signal_candidate_only,include
2025-02-06,042660,한화오션,KOSPI,61700,BUY candidate,65.1941,20,11,001-strategy-universe-momentum,paper_signal_candidate_only,include
2025-02-06,434480,모니터랩,KOSDAQ,5540,BUY candidate,61.9883,20,12,001-strategy-universe-momentum,paper_signal_candidate_only,include
2025-02-06,119850,지엔씨에너지,KOSDAQ,12830,BUY candidate,61.1809,20,13,001-strategy-universe-momentum,paper_signal_candidate_only,include
2025-02-06,277810,레인보우로보틱스,KOSDAQ,374500,BUY candidate,60.7296,20,14,001-strategy-universe-momentum,paper_signal_candidate_only,include
2025-02-06,219550,디와이디,KOSDAQ,885,BUY candidate,60.3261,20,15,001-strategy-universe-momentum,paper_signal_candidate_only,include
2025-02-06,171010,램테크놀러지,KOSDAQ,4860,BUY candidate,59.6059,20,16,001-strategy-universe-momentum,paper_signal_candidate_only,include
2025-02-06,430690,한싹,KOSDAQ,6200,BUY candidate,58.1633,20,17,001-strategy-universe-momentum,paper_signal_candidate_only,include
2025-02-06,108490,로보티즈,KOSDAQ,38800,BUY candidate,54.8902,20,18,001-strategy-universe-momentum,paper_signal_candidate_only,include
2025-02-06,411080,샌즈랩,KOSDAQ,10660,BUY candidate,53.1609,20,19,001-strategy-universe-momentum,paper_signal_candidate_only,include
2025-02-06,042000,카페24,KOSDAQ,56300,BUY candidate,52.9891,20,20,001-strategy-universe-momentum,paper_signal_candidate_only,include
2025-02-06,019490,엑시큐어하이트론,KOSPI,805,SELL candidate,-72.5256,20,1,001-strategy-universe-momentum,paper_signal_candidate_only,include
2025-02-06,381620,제닉스,KOSDAQ,9400,SELL candidate,-63.2812,20,2,001-strategy-universe-momentum,paper_signal_candidate_only,include
2025-02-06,178780,일월지엠엘,KOSDAQ,3540,SELL candidate,-59.0751,20,3,001-strategy-universe-momentum,paper_signal_candidate_only,include
2025-02-06,091440,한울소재과학,KOSDAQ,3535,SELL candidate,-52.4226,20,4,001-strategy-universe-momentum,paper_signal_candidate_only,include
2025-02-06,065650,하이퍼코퍼레이션,KOSDAQ,637,SELL candidate,-47.9575,20,5,001-strategy-universe-momentum,paper_signal_candidate_only,include
2025-02-06,206400,베노티앤알,KOSDAQ,1680,SELL candidate,-47.8261,20,6,001-strategy-universe-momentum,paper_signal_candidate_only,include
2025-02-06,015020,이스타코,KOSPI,1258,SELL candidate,-41.4884,20,7,001-strategy-universe-momentum,paper_signal_candidate_only,include
2025-02-06,196300,애니젠,KOSDAQ,6940,SELL candidate,-40.6330,20,8,001-strategy-universe-momentum,paper_signal_candidate_only,include
2025-02-06,012170,아센디오,KOSPI,240,SELL candidate,-38.9313,20,9,001-strategy-universe-momentum,paper_signal_candidate_only,include
2025-02-06,387570,파인메딕스,KOSDAQ,7690,SELL candidate,-37.2245,20,10,001-strategy-universe-momentum,paper_signal_candidate_only,include
2025-02-06,064960,SNT모티브,KOSPI,25500,SELL candidate,-36.8812,20,11,001-strategy-universe-momentum,paper_signal_candidate_only,include
2025-02-06,214610,미코바이오메드,KOSDAQ,978,SELL candidate,-34.8000,20,12,001-strategy-universe-momentum,paper_signal_candidate_only,include
2025-02-06,065500,오리엔트정공,KOSDAQ,4515,SELL candidate,-30.9633,20,13,001-strategy-universe-momentum,paper_signal_candidate_only,include
2025-02-06,298060,에스씨엠생명과학,KOSDAQ,1354,SELL candidate,-29.4056,20,14,001-strategy-universe-momentum,paper_signal_candidate_only,include
2025-02-06,013360,일성건설,KOSPI,3080,SELL candidate,-26.4038,20,15,001-strategy-universe-momentum,paper_signal_candidate_only,include
2025-02-06,018500,동원금속,KOSPI,1844,SELL candidate,-26.0922,20,16,001-strategy-universe-momentum,paper_signal_candidate_only,include
2025-02-06,056360,코위버,KOSDAQ,6370,SELL candidate,-26.0163,20,17,001-strategy-universe-momentum,paper_signal_candidate_only,include
2025-02-06,045340,토탈소프트,KOSDAQ,7310,SELL candidate,-25.8621,20,18,001-strategy-universe-momentum,paper_signal_candidate_only,include
2025-02-06,321370,센서뷰,KOSDAQ,1255,SELL candidate,-25.6957,20,19,001-strategy-universe-momentum,paper_signal_candidate_only,include
2025-02-06,418620,이에이트,KOSDAQ,4080,SELL candidate,-25.6831,20,20,001-strategy-universe-momentum,paper_signal_candidate_only,include
2025-02-07,010100,한국무브넥스,KOSPI,7640,BUY candidate,135.4391,20,1,001-strategy-universe-momentum,paper_signal_candidate_only,include
2025-02-07,160190,하이젠알앤엠,KOSDAQ,40150,BUY candidate,127.3499,20,2,001-strategy-universe-momentum,paper_signal_candidate_only,include
2025-02-07,161580,필옵틱스,KOSDAQ,44400,BUY candidate,112.9496,20,3,001-strategy-universe-momentum,paper_signal_candidate_only,include
2025-02-07,098460,고영,KOSDAQ,18120,BUY candidate,100.8869,20,4,001-strategy-universe-momentum,paper_signal_candidate_only,include
2025-02-07,351320,에스에이티이엔지,KOSDAQ,2510,BUY candidate,89.2911,20,5,001-strategy-universe-momentum,paper_signal_candidate_only,include
2025-02-07,112290,와이씨켐,KOSDAQ,27200,BUY candidate,88.1051,20,6,001-strategy-universe-momentum,paper_signal_candidate_only,include
2025-02-07,171010,램테크놀러지,KOSDAQ,5640,BUY candidate,80.7692,20,7,001-strategy-universe-momentum,paper_signal_candidate_only,include
2025-02-07,277810,레인보우로보틱스,KOSDAQ,410500,BUY candidate,76.1803,20,8,001-strategy-universe-momentum,paper_signal_candidate_only,include
2025-02-07,168360,펨트론,KOSDAQ,10850,BUY candidate,74.1573,20,9,001-strategy-universe-momentum,paper_signal_candidate_only,include
2025-02-07,332570,와이팜,KOSDAQ,4705,BUY candidate,68.6380,20,10,001-strategy-universe-momentum,paper_signal_candidate_only,include
2025-02-07,080220,제주반도체,KOSDAQ,16710,BUY candidate,68.6176,20,11,001-strategy-universe-momentum,paper_signal_candidate_only,include
2025-02-07,466100,클로봇,KOSDAQ,19100,BUY candidate,66.0870,20,12,001-strategy-universe-momentum,paper_signal_candidate_only,include
2025-02-07,219550,디와이디,KOSDAQ,903,BUY candidate,64.1818,20,13,001-strategy-universe-momentum,paper_signal_candidate_only,include
2025-02-07,042660,한화오션,KOSPI,61900,BUY candidate,62.4672,20,14,001-strategy-universe-momentum,paper_signal_candidate_only,include
2025-02-07,115310,인포바인,KOSDAQ,32250,BUY candidate,55.7971,20,15,001-strategy-universe-momentum,paper_signal_candidate_only,include
2025-02-07,119850,지엔씨에너지,KOSDAQ,12660,BUY candidate,54.2022,20,16,001-strategy-universe-momentum,paper_signal_candidate_only,include
2025-02-07,301300,바이브컴퍼니,KOSDAQ,6460,BUY candidate,53.4442,20,17,001-strategy-universe-momentum,paper_signal_candidate_only,include
2025-02-07,042000,카페24,KOSDAQ,57100,BUY candidate,52.6738,20,18,001-strategy-universe-momentum,paper_signal_candidate_only,include
2025-02-07,064350,현대로템,KOSPI,79600,BUY candidate,52.1989,20,19,001-strategy-universe-momentum,paper_signal_candidate_only,include
2025-02-07,089010,켐트로닉스,KOSDAQ,25700,BUY candidate,52.1610,20,20,001-strategy-universe-momentum,paper_signal_candidate_only,include
2025-02-07,019490,엑시큐어하이트론,KOSPI,752,SELL candidate,-74.8915,20,1,001-strategy-universe-momentum,paper_signal_candidate_only,include
2025-02-07,381620,제닉스,KOSDAQ,10000,SELL candidate,-63.3028,20,2,001-strategy-universe-momentum,paper_signal_candidate_only,include
2025-02-07,178780,일월지엠엘,KOSDAQ,3565,SELL candidate,-58.7861,20,3,001-strategy-universe-momentum,paper_signal_candidate_only,include
2025-02-07,091440,한울소재과학,KOSDAQ,3390,SELL candidate,-54.1272,20,4,001-strategy-universe-momentum,paper_signal_candidate_only,include
2025-02-07,065650,하이퍼코퍼레이션,KOSDAQ,582,SELL candidate,-52.9887,20,5,001-strategy-universe-momentum,paper_signal_candidate_only,include
2025-02-07,214610,미코바이오메드,KOSDAQ,905,SELL candidate,-45.0850,20,6,001-strategy-universe-momentum,paper_signal_candidate_only,include
2025-02-07,206400,베노티앤알,KOSDAQ,1659,SELL candidate,-44.7000,20,7,001-strategy-universe-momentum,paper_signal_candidate_only,include
2025-02-07,012170,아센디오,KOSPI,230,SELL candidate,-42.6434,20,8,001-strategy-universe-momentum,paper_signal_candidate_only,include
2025-02-07,196300,애니젠,KOSDAQ,6810,SELL candidate,-42.2881,20,9,001-strategy-universe-momentum,paper_signal_candidate_only,include
2025-02-07,355390,크라우드웍스,KOSDAQ,8940,SELL candidate,-40.9121,20,10,001-strategy-universe-momentum,paper_signal_candidate_only,include
2025-02-07,015020,이스타코,KOSPI,1180,SELL candidate,-39.0496,20,11,001-strategy-universe-momentum,paper_signal_candidate_only,include
2025-02-07,432980,엠에프씨,KOSDAQ,4050,SELL candidate,-37.5000,20,12,001-strategy-universe-momentum,paper_signal_candidate_only,include
2025-02-07,064960,SNT모티브,KOSPI,25600,SELL candidate,-37.2549,20,13,001-strategy-universe-momentum,paper_signal_candidate_only,include
2025-02-07,387570,파인메딕스,KOSDAQ,7820,SELL candidate,-36.0589,20,14,001-strategy-universe-momentum,paper_signal_candidate_only,include
2025-02-07,058110,멕아이씨에스,KOSDAQ,2050,SELL candidate,-32.6765,20,15,001-strategy-universe-momentum,paper_signal_candidate_only,include
2025-02-07,253840,수젠텍,KOSDAQ,6200,SELL candidate,-31.9429,20,16,001-strategy-universe-momentum,paper_signal_candidate_only,include
2025-02-07,298060,에스씨엠생명과학,KOSDAQ,1385,SELL candidate,-30.5764,20,17,001-strategy-universe-momentum,paper_signal_candidate_only,include
2025-02-07,418620,이에이트,KOSDAQ,4180,SELL candidate,-29.3919,20,18,001-strategy-universe-momentum,paper_signal_candidate_only,include
2025-02-07,065500,오리엔트정공,KOSDAQ,4380,SELL candidate,-27.2425,20,19,001-strategy-universe-momentum,paper_signal_candidate_only,include
2025-02-07,115450,HLB테라퓨틱스,KOSDAQ,10400,SELL candidate,-26.3977,20,20,001-strategy-universe-momentum,paper_signal_candidate_only,include
2025-02-10,010100,한국무브넥스,KOSPI,8490,BUY candidate,163.6646,20,1,001-strategy-universe-momentum,paper_signal_candidate_only,include
2025-02-10,160190,하이젠알앤엠,KOSDAQ,38950,BUY candidate,126.8492,20,2,001-strategy-universe-momentum,paper_signal_candidate_only,include
2025-02-10,161580,필옵틱스,KOSDAQ,45900,BUY candidate,116.0000,20,3,001-strategy-universe-momentum,paper_signal_candidate_only,include
2025-02-10,098460,고영,KOSDAQ,18090,BUY candidate,104.1761,20,4,001-strategy-universe-momentum,paper_signal_candidate_only,include
2025-02-10,351320,에스에이티이엔지,KOSDAQ,2690,BUY candidate,94.2238,20,5,001-strategy-universe-momentum,paper_signal_candidate_only,include
2025-02-10,112290,와이씨켐,KOSDAQ,29450,BUY candidate,83.3748,20,6,001-strategy-universe-momentum,paper_signal_candidate_only,include
2025-02-10,080220,제주반도체,KOSDAQ,17700,BUY candidate,79.3313,20,7,001-strategy-universe-momentum,paper_signal_candidate_only,include
2025-02-10,466100,클로봇,KOSDAQ,19640,BUY candidate,78.5455,20,8,001-strategy-universe-momentum,paper_signal_candidate_only,include
2025-02-10,475400,씨메스,KOSDAQ,42750,BUY candidate,74.8466,20,9,001-strategy-universe-momentum,paper_signal_candidate_only,include
2025-02-10,452190,한빛레이저,KOSDAQ,5760,BUY candidate,70.9199,20,10,001-strategy-universe-momentum,paper_signal_candidate_only,include
2025-02-10,168360,펨트론,KOSDAQ,10840,BUY candidate,70.1727,20,11,001-strategy-universe-momentum,paper_signal_candidate_only,include
2025-02-10,332570,와이팜,KOSDAQ,4705,BUY candidate,65.0877,20,12,001-strategy-universe-momentum,paper_signal_candidate_only,include
2025-02-10,264660,씨앤지하이테크,KOSDAQ,15880,BUY candidate,60.0806,20,13,001-strategy-universe-momentum,paper_signal_candidate_only,include
2025-02-10,437730,삼현,KOSDAQ,14150,BUY candidate,56.3536,20,14,001-strategy-universe-momentum,paper_signal_candidate_only,include
2025-02-10,008730,율촌화학,KOSPI,33550,BUY candidate,56.0465,20,15,001-strategy-universe-momentum,paper_signal_candidate_only,include
2025-02-10,277810,레인보우로보틱스,KOSDAQ,377000,BUY candidate,55.7851,20,16,001-strategy-universe-momentum,paper_signal_candidate_only,include
2025-02-10,317830,에스피시스템스,KOSDAQ,10570,BUY candidate,55.6701,20,17,001-strategy-universe-momentum,paper_signal_candidate_only,include
2025-02-10,102120,어보브반도체,KOSDAQ,13260,BUY candidate,54.5455,20,18,001-strategy-universe-momentum,paper_signal_candidate_only,include
2025-02-10,115310,인포바인,KOSDAQ,32000,BUY candidate,53.8462,20,19,001-strategy-universe-momentum,paper_signal_candidate_only,include
2025-02-10,089010,켐트로닉스,KOSDAQ,25600,BUY candidate,53.4772,20,20,001-strategy-universe-momentum,paper_signal_candidate_only,include
2025-02-10,019490,엑시큐어하이트론,KOSPI,977,SELL candidate,-67.5954,20,1,001-strategy-universe-momentum,paper_signal_candidate_only,include
2025-02-10,381620,제닉스,KOSDAQ,10750,SELL candidate,-63.4354,20,2,001-strategy-universe-momentum,paper_signal_candidate_only,include
2025-02-10,178780,일월지엠엘,KOSDAQ,3670,SELL candidate,-57.5723,20,3,001-strategy-universe-momentum,paper_signal_candidate_only,include
2025-02-10,065650,하이퍼코퍼레이션,KOSDAQ,585,SELL candidate,-51.2093,20,4,001-strategy-universe-momentum,paper_signal_candidate_only,include
2025-02-10,012170,아센디오,KOSPI,230,SELL candidate,-42.9280,20,5,001-strategy-universe-momentum,paper_signal_candidate_only,include
2025-02-10,214610,미코바이오메드,KOSDAQ,920,SELL candidate,-42.5718,20,6,001-strategy-universe-momentum,paper_signal_candidate_only,include
2025-02-10,355390,크라우드웍스,KOSDAQ,9150,SELL candidate,-39.5241,20,7,001-strategy-universe-momentum,paper_signal_candidate_only,include
2025-02-10,196300,애니젠,KOSDAQ,7140,SELL candidate,-39.3373,20,8,001-strategy-universe-momentum,paper_signal_candidate_only,include
2025-02-10,206400,베노티앤알,KOSDAQ,1784,SELL candidate,-39.0085,20,9,001-strategy-universe-momentum,paper_signal_candidate_only,include
2025-02-10,064960,SNT모티브,KOSPI,25550,SELL candidate,-37.3775,20,10,001-strategy-universe-momentum,paper_signal_candidate_only,include
2025-02-10,015020,이스타코,KOSPI,1190,SELL candidate,-36.8700,20,11,001-strategy-universe-momentum,paper_signal_candidate_only,include
2025-02-10,062970,한국첨단소재,KOSDAQ,6110,SELL candidate,-34.7919,20,12,001-strategy-universe-momentum,paper_signal_candidate_only,include
2025-02-10,432980,엠에프씨,KOSDAQ,4090,SELL candidate,-34.3499,20,13,001-strategy-universe-momentum,paper_signal_candidate_only,include
2025-02-10,208710,바이오로그디바이스,KOSDAQ,629,SELL candidate,-32.5107,20,14,001-strategy-universe-momentum,paper_signal_candidate_only,include
2025-02-10,387570,파인메딕스,KOSDAQ,8180,SELL candidate,-32.2287,20,15,001-strategy-universe-momentum,paper_signal_candidate_only,include
2025-02-10,060240,스타코링크,KOSDAQ,393,SELL candidate,-32.1244,20,16,001-strategy-universe-momentum,paper_signal_candidate_only,include
2025-02-10,109820,진매트릭스,KOSDAQ,2660,SELL candidate,-31.7073,20,17,001-strategy-universe-momentum,paper_signal_candidate_only,include
2025-02-10,298060,에스씨엠생명과학,KOSDAQ,1373,SELL candidate,-31.0743,20,18,001-strategy-universe-momentum,paper_signal_candidate_only,include
2025-02-10,253840,수젠텍,KOSDAQ,6180,SELL candidate,-29.3714,20,19,001-strategy-universe-momentum,paper_signal_candidate_only,include
2025-02-10,115450,HLB테라퓨틱스,KOSDAQ,10110,SELL candidate,-28.7526,20,20,001-strategy-universe-momentum,paper_signal_candidate_only,include
2025-02-11,160190,하이젠알앤엠,KOSDAQ,39000,BUY candidate,136.3636,20,1,001-strategy-universe-momentum,paper_signal_candidate_only,include
2025-02-11,226950,올릭스,KOSDAQ,34700,BUY candidate,127.5410,20,2,001-strategy-universe-momentum,paper_signal_candidate_only,include
2025-02-11,098460,고영,KOSDAQ,18790,BUY candidate,109.0100,20,3,001-strategy-universe-momentum,paper_signal_candidate_only,include
2025-02-11,161580,필옵틱스,KOSDAQ,47350,BUY candidate,106.7686,20,4,001-strategy-universe-momentum,paper_signal_candidate_only,include
2025-02-11,452190,한빛레이저,KOSDAQ,6700,BUY candidate,101.8072,20,5,001-strategy-universe-momentum,paper_signal_candidate_only,include
2025-02-11,351320,에스에이티이엔지,KOSDAQ,2560,BUY candidate,88.9299,20,6,001-strategy-universe-momentum,paper_signal_candidate_only,include
2025-02-11,010100,한국무브넥스,KOSPI,5950,BUY candidate,80.5766,20,7,001-strategy-universe-momentum,paper_signal_candidate_only,include
2025-02-11,475400,씨메스,KOSDAQ,41600,BUY candidate,78.9247,20,8,001-strategy-universe-momentum,paper_signal_candidate_only,include
2025-02-11,466100,클로봇,KOSDAQ,18340,BUY candidate,73.5099,20,9,001-strategy-universe-momentum,paper_signal_candidate_only,include
2025-02-11,080220,제주반도체,KOSDAQ,17850,BUY candidate,71.4697,20,10,001-strategy-universe-momentum,paper_signal_candidate_only,include
2025-02-11,277810,레인보우로보틱스,KOSDAQ,399000,BUY candidate,70.5128,20,11,001-strategy-universe-momentum,paper_signal_candidate_only,include
2025-02-11,112290,와이씨켐,KOSDAQ,27650,BUY candidate,65.4698,20,12,001-strategy-universe-momentum,paper_signal_candidate_only,include
2025-02-11,172670,에이엘티,KOSDAQ,14290,BUY candidate,62.0181,20,13,001-strategy-universe-momentum,paper_signal_candidate_only,include
2025-02-11,419530,SAMG엔터,KOSDAQ,21050,BUY candidate,59.9544,20,14,001-strategy-universe-momentum,paper_signal_candidate_only,include
2025-02-11,168360,펨트론,KOSDAQ,10840,BUY candidate,59.6465,20,15,001-strategy-universe-momentum,paper_signal_candidate_only,include
2025-02-11,079900,전진건설로봇,KOSPI,55400,BUY candidate,58.7393,20,16,001-strategy-universe-momentum,paper_signal_candidate_only,include
2025-02-11,010770,평화홀딩스,KOSPI,3985,BUY candidate,58.4493,20,17,001-strategy-universe-momentum,paper_signal_candidate_only,include
2025-02-11,119850,지엔씨에너지,KOSDAQ,13290,BUY candidate,57.0922,20,18,001-strategy-universe-momentum,paper_signal_candidate_only,include
2025-02-11,317830,에스피시스템스,KOSDAQ,10110,BUY candidate,56.9876,20,19,001-strategy-universe-momentum,paper_signal_candidate_only,include
2025-02-11,042000,카페24,KOSDAQ,59400,BUY candidate,56.7282,20,20,001-strategy-universe-momentum,paper_signal_candidate_only,include
2025-02-11,019490,엑시큐어하이트론,KOSPI,870,SELL candidate,-71.9807,20,1,001-strategy-universe-momentum,paper_signal_candidate_only,include
2025-02-11,381620,제닉스,KOSDAQ,10570,SELL candidate,-63.2348,20,2,001-strategy-universe-momentum,paper_signal_candidate_only,include
2025-02-11,178780,일월지엠엘,KOSDAQ,3585,SELL candidate,-58.5549,20,3,001-strategy-universe-momentum,paper_signal_candidate_only,include
2025-02-11,065650,하이퍼코퍼레이션,KOSDAQ,550,SELL candidate,-53.7815,20,4,001-strategy-universe-momentum,paper_signal_candidate_only,include
2025-02-11,060240,스타코링크,KOSDAQ,380,SELL candidate,-49.4681,20,5,001-strategy-universe-momentum,paper_signal_candidate_only,include
2025-02-11,214610,미코바이오메드,KOSDAQ,880,SELL candidate,-46.6667,20,6,001-strategy-universe-momentum,paper_signal_candidate_only,include
2025-02-11,012170,아센디오,KOSPI,223,SELL candidate,-45.0739,20,7,001-strategy-universe-momentum,paper_signal_candidate_only,include
2025-02-11,355390,크라우드웍스,KOSDAQ,9100,SELL candidate,-39.8546,20,8,001-strategy-universe-momentum,paper_signal_candidate_only,include
2025-02-11,206400,베노티앤알,KOSDAQ,1796,SELL candidate,-37.8547,20,9,001-strategy-universe-momentum,paper_signal_candidate_only,include
2025-02-11,064960,SNT모티브,KOSPI,26450,SELL candidate,-35.5664,20,10,001-strategy-universe-momentum,paper_signal_candidate_only,include
2025-02-11,387570,파인메딕스,KOSDAQ,8130,SELL candidate,-33.3607,20,11,001-strategy-universe-momentum,paper_signal_candidate_only,include
2025-02-11,015020,이스타코,KOSPI,1233,SELL candidate,-31.7654,20,12,001-strategy-universe-momentum,paper_signal_candidate_only,include
2025-02-11,062970,한국첨단소재,KOSDAQ,6160,SELL candidate,-31.6315,20,13,001-strategy-universe-momentum,paper_signal_candidate_only,include
2025-02-11,432980,엠에프씨,KOSDAQ,4145,SELL candidate,-30.9167,20,14,001-strategy-universe-momentum,paper_signal_candidate_only,include
2025-02-11,253840,수젠텍,KOSDAQ,6250,SELL candidate,-30.1676,20,15,001-strategy-universe-momentum,paper_signal_candidate_only,include
2025-02-11,109820,진매트릭스,KOSDAQ,2690,SELL candidate,-29.3035,20,16,001-strategy-universe-momentum,paper_signal_candidate_only,include
2025-02-11,208710,바이오로그디바이스,KOSDAQ,677,SELL candidate,-27.9787,20,17,001-strategy-universe-momentum,paper_signal_candidate_only,include
2025-02-11,348370,엔켐,KOSDAQ,107600,SELL candidate,-27.4444,20,18,001-strategy-universe-momentum,paper_signal_candidate_only,include
2025-02-11,115450,HLB테라퓨틱스,KOSDAQ,10100,SELL candidate,-26.5455,20,19,001-strategy-universe-momentum,paper_signal_candidate_only,include
2025-02-11,294090,이오플로우,KOSDAQ,2440,SELL candidate,-26.0606,20,20,001-strategy-universe-momentum,paper_signal_candidate_only,include
2025-02-12,226950,올릭스,KOSDAQ,45100,BUY candidate,191.9094,20,1,001-strategy-universe-momentum,paper_signal_candidate_only,include
2025-02-12,098460,고영,KOSDAQ,18760,BUY candidate,111.9774,20,2,001-strategy-universe-momentum,paper_signal_candidate_only,include
2025-02-12,351320,에스에이티이엔지,KOSDAQ,2575,BUY candidate,96.8654,20,3,001-strategy-universe-momentum,paper_signal_candidate_only,include
2025-02-12,161580,필옵틱스,KOSDAQ,44300,BUY candidate,79.3522,20,4,001-strategy-universe-momentum,paper_signal_candidate_only,include
2025-02-12,080220,제주반도체,KOSDAQ,17350,BUY candidate,72.8088,20,5,001-strategy-universe-momentum,paper_signal_candidate_only,include
2025-02-12,172670,에이엘티,KOSDAQ,13380,BUY candidate,69.1530,20,6,001-strategy-universe-momentum,paper_signal_candidate_only,include
2025-02-12,419530,SAMG엔터,KOSDAQ,21850,BUY candidate,67.8187,20,7,001-strategy-universe-momentum,paper_signal_candidate_only,include
2025-02-12,010770,평화홀딩스,KOSPI,4155,BUY candidate,65.8683,20,8,001-strategy-universe-momentum,paper_signal_candidate_only,include
2025-02-12,042660,한화오션,KOSPI,72900,BUY candidate,62.9050,20,9,001-strategy-universe-momentum,paper_signal_candidate_only,include
2025-02-12,160190,하이젠알앤엠,KOSDAQ,34700,BUY candidate,61.7716,20,10,001-strategy-universe-momentum,paper_signal_candidate_only,include
2025-02-12,079900,전진건설로봇,KOSPI,56600,BUY candidate,61.7143,20,11,001-strategy-universe-momentum,paper_signal_candidate_only,include
2025-02-12,119850,지엔씨에너지,KOSDAQ,14050,BUY candidate,61.4943,20,12,001-strategy-universe-momentum,paper_signal_candidate_only,include
2025-02-12,168360,펨트론,KOSDAQ,10720,BUY candidate,61.2030,20,13,001-strategy-universe-momentum,paper_signal_candidate_only,include
2025-02-12,332570,와이팜,KOSDAQ,4680,BUY candidate,60.0000,20,14,001-strategy-universe-momentum,paper_signal_candidate_only,include
2025-02-12,010100,한국무브넥스,KOSPI,5220,BUY candidate,58.4219,20,15,001-strategy-universe-momentum,paper_signal_candidate_only,include
2025-02-12,358570,지아이이노베이션,KOSDAQ,14650,BUY candidate,58.3784,20,16,001-strategy-universe-momentum,paper_signal_candidate_only,include
2025-02-12,277810,레인보우로보틱스,KOSDAQ,373000,BUY candidate,57.7167,20,17,001-strategy-universe-momentum,paper_signal_candidate_only,include
2025-02-12,331520,밸로프,KOSDAQ,945,BUY candidate,57.2379,20,18,001-strategy-universe-momentum,paper_signal_candidate_only,include
2025-02-12,474610,RF시스템즈,KOSDAQ,6040,BUY candidate,56.8831,20,19,001-strategy-universe-momentum,paper_signal_candidate_only,include
2025-02-12,450330,하스,KOSDAQ,10770,BUY candidate,52.7660,20,20,001-strategy-universe-momentum,paper_signal_candidate_only,include
2025-02-12,019490,엑시큐어하이트론,KOSPI,821,SELL candidate,-74.8930,20,1,001-strategy-universe-momentum,paper_signal_candidate_only,include
2025-02-12,178780,일월지엠엘,KOSDAQ,3485,SELL candidate,-59.7110,20,2,001-strategy-universe-momentum,paper_signal_candidate_only,include
2025-02-12,381620,제닉스,KOSDAQ,12110,SELL candidate,-58.3849,20,3,001-strategy-universe-momentum,paper_signal_candidate_only,include
2025-02-12,214610,미코바이오메드,KOSDAQ,794,SELL candidate,-56.7302,20,4,001-strategy-universe-momentum,paper_signal_candidate_only,include
2025-02-12,065650,하이퍼코퍼레이션,KOSDAQ,529,SELL candidate,-55.8799,20,5,001-strategy-universe-momentum,paper_signal_candidate_only,include
2025-02-12,012170,아센디오,KOSPI,225,SELL candidate,-41.7098,20,6,001-strategy-universe-momentum,paper_signal_candidate_only,include
2025-02-12,355390,크라우드웍스,KOSDAQ,9410,SELL candidate,-37.8057,20,7,001-strategy-universe-momentum,paper_signal_candidate_only,include
2025-02-12,064960,SNT모티브,KOSPI,26650,SELL candidate,-34.7613,20,8,001-strategy-universe-momentum,paper_signal_candidate_only,include
2025-02-12,206400,베노티앤알,KOSDAQ,1835,SELL candidate,-34.2294,20,9,001-strategy-universe-momentum,paper_signal_candidate_only,include
2025-02-12,253840,수젠텍,KOSDAQ,6030,SELL candidate,-33.7363,20,10,001-strategy-universe-momentum,paper_signal_candidate_only,include
2025-02-12,387570,파인메딕스,KOSDAQ,7660,SELL candidate,-33.1004,20,11,001-strategy-universe-momentum,paper_signal_candidate_only,include
2025-02-12,348370,엔켐,KOSDAQ,106900,SELL candidate,-29.9016,20,12,001-strategy-universe-momentum,paper_signal_candidate_only,include
2025-02-12,013890,지누스,KOSPI,18700,SELL candidate,-29.8311,20,13,001-strategy-universe-momentum,paper_signal_candidate_only,include
2025-02-12,196300,애니젠,KOSDAQ,8720,SELL candidate,-29.7341,20,14,001-strategy-universe-momentum,paper_signal_candidate_only,include
2025-02-12,013360,일성건설,KOSPI,3010,SELL candidate,-29.5082,20,15,001-strategy-universe-momentum,paper_signal_candidate_only,include
2025-02-12,294090,이오플로우,KOSDAQ,2285,SELL candidate,-28.8162,20,16,001-strategy-universe-momentum,paper_signal_candidate_only,include
2025-02-12,001210,금호전기,KOSPI,820,SELL candidate,-28.6336,20,17,001-strategy-universe-momentum,paper_signal_candidate_only,include
2025-02-12,083660,CSA 코스믹,KOSDAQ,703,SELL candidate,-28.1186,20,18,001-strategy-universe-momentum,paper_signal_candidate_only,include
2025-02-12,015020,이스타코,KOSPI,1218,SELL candidate,-27.9290,20,19,001-strategy-universe-momentum,paper_signal_candidate_only,include
2025-02-12,115610,이미지스,KOSDAQ,2800,SELL candidate,-27.3671,20,20,001-strategy-universe-momentum,paper_signal_candidate_only,include
2025-02-13,226950,올릭스,KOSDAQ,44600,BUY candidate,184.0764,20,1,001-strategy-universe-momentum,paper_signal_candidate_only,include
2025-02-13,098460,고영,KOSDAQ,19880,BUY candidate,123.3708,20,2,001-strategy-universe-momentum,paper_signal_candidate_only,include
2025-02-13,351320,에스에이티이엔지,KOSDAQ,2630,BUY candidate,95.2487,20,3,001-strategy-universe-momentum,paper_signal_candidate_only,include
2025-02-13,161580,필옵틱스,KOSDAQ,44300,BUY candidate,80.0813,20,4,001-strategy-universe-momentum,paper_signal_candidate_only,include
2025-02-13,080220,제주반도체,KOSDAQ,17820,BUY candidate,80.0000,20,5,001-strategy-universe-momentum,paper_signal_candidate_only,include
2025-02-13,347700,라이프시맨틱스,KOSDAQ,8050,BUY candidate,75.0000,20,6,001-strategy-universe-momentum,paper_signal_candidate_only,include
2025-02-13,042660,한화오션,KOSPI,77500,BUY candidate,72.2222,20,7,001-strategy-universe-momentum,paper_signal_candidate_only,include
2025-02-13,172670,에이엘티,KOSDAQ,13300,BUY candidate,71.8346,20,8,001-strategy-universe-momentum,paper_signal_candidate_only,include
2025-02-13,010770,평화홀딩스,KOSPI,4285,BUY candidate,70.3777,20,9,001-strategy-universe-momentum,paper_signal_candidate_only,include
2025-02-13,168360,펨트론,KOSDAQ,11200,BUY candidate,66.6667,20,10,001-strategy-universe-momentum,paper_signal_candidate_only,include
2025-02-13,277810,레인보우로보틱스,KOSDAQ,379500,BUY candidate,65.0000,20,11,001-strategy-universe-momentum,paper_signal_candidate_only,include
2025-02-13,160190,하이젠알앤엠,KOSDAQ,35500,BUY candidate,63.9723,20,12,001-strategy-universe-momentum,paper_signal_candidate_only,include
2025-02-13,419530,SAMG엔터,KOSDAQ,21000,BUY candidate,63.2970,20,13,001-strategy-universe-momentum,paper_signal_candidate_only,include
2025-02-13,489790,한화비전,KOSPI,54400,BUY candidate,62.6308,20,14,001-strategy-universe-momentum,paper_signal_candidate_only,include
2025-02-13,452190,한빛레이저,KOSDAQ,6200,BUY candidate,59.5882,20,15,001-strategy-universe-momentum,paper_signal_candidate_only,include
2025-02-13,115310,인포바인,KOSDAQ,32700,BUY candidate,57.5904,20,16,001-strategy-universe-momentum,paper_signal_candidate_only,include
2025-02-13,007660,이수페타시스,KOSPI,43000,BUY candidate,57.5092,20,17,001-strategy-universe-momentum,paper_signal_candidate_only,include
2025-02-13,340930,유일에너테크,KOSDAQ,2155,BUY candidate,57.0700,20,18,001-strategy-universe-momentum,paper_signal_candidate_only,include
2025-02-13,474610,RF시스템즈,KOSDAQ,6050,BUY candidate,56.5330,20,19,001-strategy-universe-momentum,paper_signal_candidate_only,include
2025-02-13,332570,와이팜,KOSDAQ,4530,BUY candidate,54.6075,20,20,001-strategy-universe-momentum,paper_signal_candidate_only,include
2025-02-13,019490,엑시큐어하이트론,KOSPI,829,SELL candidate,-73.8486,20,1,001-strategy-universe-momentum,paper_signal_candidate_only,include
2025-02-13,065650,하이퍼코퍼레이션,KOSDAQ,505,SELL candidate,-60.9435,20,2,001-strategy-universe-momentum,paper_signal_candidate_only,include
2025-02-13,178780,일월지엠엘,KOSDAQ,3380,SELL candidate,-60.9249,20,3,001-strategy-universe-momentum,paper_signal_candidate_only,include
2025-02-13,381620,제닉스,KOSDAQ,14700,SELL candidate,-52.2727,20,4,001-strategy-universe-momentum,paper_signal_candidate_only,include
2025-02-13,214610,미코바이오메드,KOSDAQ,885,SELL candidate,-44.4793,20,5,001-strategy-universe-momentum,paper_signal_candidate_only,include
2025-02-13,012170,아센디오,KOSPI,230,SELL candidate,-44.3099,20,6,001-strategy-universe-momentum,paper_signal_candidate_only,include
2025-02-13,355390,크라우드웍스,KOSDAQ,8910,SELL candidate,-41.1104,20,7,001-strategy-universe-momentum,paper_signal_candidate_only,include
2025-02-13,206400,베노티앤알,KOSDAQ,1757,SELL candidate,-34.4403,20,8,001-strategy-universe-momentum,paper_signal_candidate_only,include
2025-02-13,064960,SNT모티브,KOSPI,27450,SELL candidate,-33.6155,20,9,001-strategy-universe-momentum,paper_signal_candidate_only,include
2025-02-13,001210,금호전기,KOSPI,839,SELL candidate,-33.5182,20,10,001-strategy-universe-momentum,paper_signal_candidate_only,include
2025-02-13,253840,수젠텍,KOSDAQ,5920,SELL candidate,-32.8036,20,11,001-strategy-universe-momentum,paper_signal_candidate_only,include
2025-02-13,187660,현대ADM,KOSDAQ,2000,SELL candidate,-32.4324,20,12,001-strategy-universe-momentum,paper_signal_candidate_only,include
2025-02-13,294090,이오플로우,KOSDAQ,2320,SELL candidate,-31.6642,20,13,001-strategy-universe-momentum,paper_signal_candidate_only,include
2025-02-13,115610,이미지스,KOSDAQ,2565,SELL candidate,-31.3253,20,14,001-strategy-universe-momentum,paper_signal_candidate_only,include
2025-02-13,387570,파인메딕스,KOSDAQ,8000,SELL candidate,-29.3286,20,15,001-strategy-universe-momentum,paper_signal_candidate_only,include
2025-02-13,115450,HLB테라퓨틱스,KOSDAQ,9900,SELL candidate,-29.2857,20,16,001-strategy-universe-momentum,paper_signal_candidate_only,include
2025-02-13,013890,지누스,KOSPI,18710,SELL candidate,-29.2628,20,17,001-strategy-universe-momentum,paper_signal_candidate_only,include
2025-02-13,083660,CSA 코스믹,KOSDAQ,707,SELL candidate,-29.1583,20,18,001-strategy-universe-momentum,paper_signal_candidate_only,include
2025-02-13,013360,일성건설,KOSPI,3170,SELL candidate,-26.7898,20,19,001-strategy-universe-momentum,paper_signal_candidate_only,include
2025-02-13,015020,이스타코,KOSPI,1313,SELL candidate,-26.3601,20,20,001-strategy-universe-momentum,paper_signal_candidate_only,include
2025-02-14,226950,올릭스,KOSDAQ,42100,BUY candidate,168.3238,20,1,001-strategy-universe-momentum,paper_signal_candidate_only,include
2025-02-14,098460,고영,KOSDAQ,20500,BUY candidate,136.9942,20,2,001-strategy-universe-momentum,paper_signal_candidate_only,include
2025-02-14,340930,유일에너테크,KOSDAQ,2655,BUY candidate,96.9585,20,3,001-strategy-universe-momentum,paper_signal_candidate_only,include
2025-02-14,351320,에스에이티이엔지,KOSDAQ,2510,BUY candidate,91.8960,20,4,001-strategy-universe-momentum,paper_signal_candidate_only,include
2025-02-14,161580,필옵틱스,KOSDAQ,45500,BUY candidate,86.4754,20,5,001-strategy-universe-momentum,paper_signal_candidate_only,include
2025-02-14,080220,제주반도체,KOSDAQ,17750,BUY candidate,86.4496,20,6,001-strategy-universe-momentum,paper_signal_candidate_only,include
2025-02-14,172670,에이엘티,KOSDAQ,13310,BUY candidate,80.8424,20,7,001-strategy-universe-momentum,paper_signal_candidate_only,include
2025-02-14,347700,라이프시맨틱스,KOSDAQ,7880,BUY candidate,76.4838,20,8,001-strategy-universe-momentum,paper_signal_candidate_only,include
2025-02-14,115310,인포바인,KOSDAQ,36650,BUY candidate,75.7794,20,9,001-strategy-universe-momentum,paper_signal_candidate_only,include
2025-02-14,419530,SAMG엔터,KOSDAQ,22350,BUY candidate,75.1567,20,10,001-strategy-universe-momentum,paper_signal_candidate_only,include
2025-02-14,042660,한화오션,KOSPI,77900,BUY candidate,72.5360,20,11,001-strategy-universe-momentum,paper_signal_candidate_only,include
2025-02-14,432720,퀄리타스반도체,KOSDAQ,15410,BUY candidate,69.3407,20,12,001-strategy-universe-momentum,paper_signal_candidate_only,include
2025-02-14,277810,레인보우로보틱스,KOSDAQ,402000,BUY candidate,68.2008,20,13,001-strategy-universe-momentum,paper_signal_candidate_only,include
2025-02-14,102120,어보브반도체,KOSDAQ,13740,BUY candidate,65.7419,20,14,001-strategy-universe-momentum,paper_signal_candidate_only,include
2025-02-14,010770,평화홀딩스,KOSPI,4215,BUY candidate,65.6189,20,15,001-strategy-universe-momentum,paper_signal_candidate_only,include
2025-02-14,358570,지아이이노베이션,KOSDAQ,15250,BUY candidate,63.9785,20,16,001-strategy-universe-momentum,paper_signal_candidate_only,include
2025-02-14,331520,밸로프,KOSDAQ,997,BUY candidate,63.4426,20,17,001-strategy-universe-momentum,paper_signal_candidate_only,include
2025-02-14,168360,펨트론,KOSDAQ,10710,BUY candidate,61.0526,20,18,001-strategy-universe-momentum,paper_signal_candidate_only,include
2025-02-14,332570,와이팜,KOSDAQ,4690,BUY candidate,60.3419,20,19,001-strategy-universe-momentum,paper_signal_candidate_only,include
2025-02-14,119850,지엔씨에너지,KOSDAQ,13260,BUY candidate,59.3750,20,20,001-strategy-universe-momentum,paper_signal_candidate_only,include
2025-02-14,019490,엑시큐어하이트론,KOSPI,809,SELL candidate,-75.2977,20,1,001-strategy-universe-momentum,paper_signal_candidate_only,include
2025-02-14,065650,하이퍼코퍼레이션,KOSDAQ,472,SELL candidate,-62.5099,20,2,001-strategy-universe-momentum,paper_signal_candidate_only,include
2025-02-14,178780,일월지엠엘,KOSDAQ,3385,SELL candidate,-60.8671,20,3,001-strategy-universe-momentum,paper_signal_candidate_only,include
2025-02-14,381620,제닉스,KOSDAQ,14240,SELL candidate,-52.8477,20,4,001-strategy-universe-momentum,paper_signal_candidate_only,include
2025-02-14,355390,크라우드웍스,KOSDAQ,8490,SELL candidate,-43.8863,20,5,001-strategy-universe-momentum,paper_signal_candidate_only,include
2025-02-14,012170,아센디오,KOSPI,230,SELL candidate,-41.9192,20,6,001-strategy-universe-momentum,paper_signal_candidate_only,include
2025-02-14,214610,미코바이오메드,KOSDAQ,832,SELL candidate,-40.3584,20,7,001-strategy-universe-momentum,paper_signal_candidate_only,include
2025-02-14,064960,SNT모티브,KOSPI,26100,SELL candidate,-38.2249,20,8,001-strategy-universe-momentum,paper_signal_candidate_only,include
2025-02-14,013890,지누스,KOSPI,17840,SELL candidate,-37.2935,20,9,001-strategy-universe-momentum,paper_signal_candidate_only,include
2025-02-14,206400,베노티앤알,KOSDAQ,1750,SELL candidate,-35.1852,20,10,001-strategy-universe-momentum,paper_signal_candidate_only,include
2025-02-14,180400,DXVX,KOSDAQ,1321,SELL candidate,-35.0860,20,11,001-strategy-universe-momentum,paper_signal_candidate_only,include
2025-02-14,001210,금호전기,KOSPI,824,SELL candidate,-34.6550,20,12,001-strategy-universe-momentum,paper_signal_candidate_only,include
2025-02-14,290690,소룩스,KOSDAQ,4800,SELL candidate,-34.0659,20,13,001-strategy-universe-momentum,paper_signal_candidate_only,include
2025-02-14,187660,현대ADM,KOSDAQ,1980,SELL candidate,-33.1081,20,14,001-strategy-universe-momentum,paper_signal_candidate_only,include
2025-02-14,196300,애니젠,KOSDAQ,9100,SELL candidate,-30.2682,20,15,001-strategy-universe-momentum,paper_signal_candidate_only,include
2025-02-14,253840,수젠텍,KOSDAQ,5800,SELL candidate,-29.9517,20,16,001-strategy-universe-momentum,paper_signal_candidate_only,include
2025-02-14,115610,이미지스,KOSDAQ,2520,SELL candidate,-28.8136,20,17,001-strategy-universe-momentum,paper_signal_candidate_only,include
2025-02-14,387570,파인메딕스,KOSDAQ,7610,SELL candidate,-28.5446,20,18,001-strategy-universe-momentum,paper_signal_candidate_only,include
2025-02-14,083660,CSA 코스믹,KOSDAQ,699,SELL candidate,-27.9381,20,19,001-strategy-universe-momentum,paper_signal_candidate_only,include
2025-02-14,378800,샤페론,KOSDAQ,3070,SELL candidate,-27.7647,20,20,001-strategy-universe-momentum,paper_signal_candidate_only,include
2025-02-17,226950,올릭스,KOSDAQ,48150,BUY candidate,210.6452,20,1,001-strategy-universe-momentum,paper_signal_candidate_only,include
2025-02-17,098460,고영,KOSDAQ,20450,BUY candidate,128.4916,20,2,001-strategy-universe-momentum,paper_signal_candidate_only,include
2025-02-17,340930,유일에너테크,KOSDAQ,2790,BUY candidate,103.7984,20,3,001-strategy-universe-momentum,paper_signal_candidate_only,include
2025-02-17,119850,지엔씨에너지,KOSDAQ,16690,BUY candidate,94.5221,20,4,001-strategy-universe-momentum,paper_signal_candidate_only,include
2025-02-17,351320,에스에이티이엔지,KOSDAQ,2435,BUY candidate,87.4519,20,5,001-strategy-universe-momentum,paper_signal_candidate_only,include
2025-02-17,080220,제주반도체,KOSDAQ,17920,BUY candidate,84.9329,20,6,001-strategy-universe-momentum,paper_signal_candidate_only,include
2025-02-17,419530,SAMG엔터,KOSDAQ,23850,BUY candidate,83.6028,20,7,001-strategy-universe-momentum,paper_signal_candidate_only,include
2025-02-17,347700,라이프시맨틱스,KOSDAQ,7700,BUY candidate,82.4645,20,8,001-strategy-universe-momentum,paper_signal_candidate_only,include
2025-02-17,172670,에이엘티,KOSDAQ,13460,BUY candidate,82.3848,20,9,001-strategy-universe-momentum,paper_signal_candidate_only,include
2025-02-17,161580,필옵틱스,KOSDAQ,47900,BUY candidate,81.4394,20,10,001-strategy-universe-momentum,paper_signal_candidate_only,include
2025-02-17,432720,퀄리타스반도체,KOSDAQ,16310,BUY candidate,77.2826,20,11,001-strategy-universe-momentum,paper_signal_candidate_only,include
2025-02-17,115310,인포바인,KOSDAQ,36100,BUY candidate,69.0867,20,12,001-strategy-universe-momentum,paper_signal_candidate_only,include
2025-02-17,356860,티엘비,KOSDAQ,21950,BUY candidate,66.4139,20,13,001-strategy-universe-momentum,paper_signal_candidate_only,include
2025-02-17,105550,엣지파운드리,KOSDAQ,4050,BUY candidate,65.3061,20,14,001-strategy-universe-momentum,paper_signal_candidate_only,include
2025-02-17,358570,지아이이노베이션,KOSDAQ,15250,BUY candidate,64.6868,20,15,001-strategy-universe-momentum,paper_signal_candidate_only,include
2025-02-17,160190,하이젠알앤엠,KOSDAQ,40650,BUY candidate,63.9113,20,16,001-strategy-universe-momentum,paper_signal_candidate_only,include
2025-02-17,102120,어보브반도체,KOSDAQ,13820,BUY candidate,63.7441,20,17,001-strategy-universe-momentum,paper_signal_candidate_only,include
2025-02-17,042660,한화오션,KOSPI,77900,BUY candidate,62.4609,20,18,001-strategy-universe-momentum,paper_signal_candidate_only,include
2025-02-17,331520,밸로프,KOSDAQ,982,BUY candidate,62.0462,20,19,001-strategy-universe-momentum,paper_signal_candidate_only,include
2025-02-17,474610,RF시스템즈,KOSDAQ,6090,BUY candidate,61.5385,20,20,001-strategy-universe-momentum,paper_signal_candidate_only,include
2025-02-17,019490,엑시큐어하이트론,KOSPI,811,SELL candidate,-75.4614,20,1,001-strategy-universe-momentum,paper_signal_candidate_only,include
2025-02-17,065650,하이퍼코퍼레이션,KOSDAQ,485,SELL candidate,-61.4161,20,2,001-strategy-universe-momentum,paper_signal_candidate_only,include
2025-02-17,178780,일월지엠엘,KOSDAQ,3410,SELL candidate,-60.5780,20,3,001-strategy-universe-momentum,paper_signal_candidate_only,include
2025-02-17,290690,소룩스,KOSDAQ,3360,SELL candidate,-53.2033,20,4,001-strategy-universe-momentum,paper_signal_candidate_only,include
2025-02-17,381620,제닉스,KOSDAQ,14710,SELL candidate,-51.6913,20,5,001-strategy-universe-momentum,paper_signal_candidate_only,include
2025-02-17,064960,SNT모티브,KOSPI,25950,SELL candidate,-42.0759,20,6,001-strategy-universe-momentum,paper_signal_candidate_only,include
2025-02-17,355390,크라우드웍스,KOSDAQ,8860,SELL candidate,-41.4408,20,7,001-strategy-universe-momentum,paper_signal_candidate_only,include
2025-02-17,214610,미코바이오메드,KOSDAQ,842,SELL candidate,-41.1189,20,8,001-strategy-universe-momentum,paper_signal_candidate_only,include
2025-02-17,001210,금호전기,KOSPI,818,SELL candidate,-35.8431,20,9,001-strategy-universe-momentum,paper_signal_candidate_only,include
2025-02-17,187660,현대ADM,KOSDAQ,1988,SELL candidate,-35.0327,20,10,001-strategy-universe-momentum,paper_signal_candidate_only,include
2025-02-17,253840,수젠텍,KOSDAQ,5870,SELL candidate,-34.4134,20,11,001-strategy-universe-momentum,paper_signal_candidate_only,include
2025-02-17,013890,지누스,KOSPI,18400,SELL candidate,-33.5740,20,12,001-strategy-universe-momentum,paper_signal_candidate_only,include
2025-02-17,206400,베노티앤알,KOSDAQ,1739,SELL candidate,-33.4990,20,13,001-strategy-universe-momentum,paper_signal_candidate_only,include
2025-02-17,348370,엔켐,KOSDAQ,106200,SELL candidate,-31.2176,20,14,001-strategy-universe-momentum,paper_signal_candidate_only,include
2025-02-17,115610,이미지스,KOSDAQ,2415,SELL candidate,-28.5503,20,15,001-strategy-universe-momentum,paper_signal_candidate_only,include
2025-02-17,180400,DXVX,KOSDAQ,1440,SELL candidate,-26.6055,20,16,001-strategy-universe-momentum,paper_signal_candidate_only,include
2025-02-17,015020,이스타코,KOSPI,1270,SELL candidate,-26.4621,20,17,001-strategy-universe-momentum,paper_signal_candidate_only,include
2025-02-17,445680,큐리옥스바이오시스템즈,KOSDAQ,15200,SELL candidate,-26.0341,20,18,001-strategy-universe-momentum,paper_signal_candidate_only,include
2025-02-17,013360,일성건설,KOSPI,3090,SELL candidate,-25.9880,20,19,001-strategy-universe-momentum,paper_signal_candidate_only,include
2025-02-17,432980,엠에프씨,KOSDAQ,4185,SELL candidate,-25.5338,20,20,001-strategy-universe-momentum,paper_signal_candidate_only,include
2025-02-18,226950,올릭스,KOSDAQ,48300,BUY candidate,206.6667,20,1,001-strategy-universe-momentum,paper_signal_candidate_only,include
2025-02-18,098460,고영,KOSDAQ,22100,BUY candidate,139.1775,20,2,001-strategy-universe-momentum,paper_signal_candidate_only,include
2025-02-18,340930,유일에너테크,KOSDAQ,2680,BUY candidate,97.0588,20,3,001-strategy-universe-momentum,paper_signal_candidate_only,include
2025-02-18,080220,제주반도체,KOSDAQ,18620,BUY candidate,94.5664,20,4,001-strategy-universe-momentum,paper_signal_candidate_only,include
2025-02-18,105550,엣지파운드리,KOSDAQ,4630,BUY candidate,91.7184,20,5,001-strategy-universe-momentum,paper_signal_candidate_only,include
2025-02-18,351320,에스에이티이엔지,KOSDAQ,2445,BUY candidate,88.0769,20,6,001-strategy-universe-momentum,paper_signal_candidate_only,include
2025-02-18,388720,유일로보틱스,KOSDAQ,65000,BUY candidate,84.3972,20,7,001-strategy-universe-momentum,paper_signal_candidate_only,include
2025-02-18,161580,필옵틱스,KOSDAQ,47550,BUY candidate,83.9458,20,8,001-strategy-universe-momentum,paper_signal_candidate_only,include
2025-02-18,384470,코어라인소프트,KOSDAQ,10780,BUY candidate,82.7119,20,9,001-strategy-universe-momentum,paper_signal_candidate_only,include
2025-02-18,432720,퀄리타스반도체,KOSDAQ,16510,BUY candidate,81.4286,20,10,001-strategy-universe-momentum,paper_signal_candidate_only,include
2025-02-18,172670,에이엘티,KOSDAQ,13370,BUY candidate,79.7043,20,11,001-strategy-universe-momentum,paper_signal_candidate_only,include
2025-02-18,347700,라이프시맨틱스,KOSDAQ,7900,BUY candidate,78.1285,20,12,001-strategy-universe-momentum,paper_signal_candidate_only,include
2025-02-18,160190,하이젠알앤엠,KOSDAQ,40600,BUY candidate,76.5217,20,13,001-strategy-universe-momentum,paper_signal_candidate_only,include
2025-02-18,382150,온코크로스,KOSDAQ,13400,BUY candidate,75.6225,20,14,001-strategy-universe-momentum,paper_signal_candidate_only,include
2025-02-18,000880,한화,KOSPI,50000,BUY candidate,74.2160,20,15,001-strategy-universe-momentum,paper_signal_candidate_only,include
2025-02-18,277810,레인보우로보틱스,KOSDAQ,417500,BUY candidate,73.2365,20,16,001-strategy-universe-momentum,paper_signal_candidate_only,include
2025-02-18,358570,지아이이노베이션,KOSDAQ,15830,BUY candidate,73.1947,20,17,001-strategy-universe-momentum,paper_signal_candidate_only,include
2025-02-18,090710,휴림로봇,KOSDAQ,2785,BUY candidate,72.8740,20,18,001-strategy-universe-momentum,paper_signal_candidate_only,include
2025-02-18,475400,씨메스,KOSDAQ,42100,BUY candidate,72.5410,20,19,001-strategy-universe-momentum,paper_signal_candidate_only,include
2025-02-18,356860,티엘비,KOSDAQ,21950,BUY candidate,70.6843,20,20,001-strategy-universe-momentum,paper_signal_candidate_only,include
2025-02-18,019490,엑시큐어하이트론,KOSPI,784,SELL candidate,-73.8230,20,1,001-strategy-universe-momentum,paper_signal_candidate_only,include
2025-02-18,065650,하이퍼코퍼레이션,KOSDAQ,470,SELL candidate,-61.6639,20,2,001-strategy-universe-momentum,paper_signal_candidate_only,include
2025-02-18,290690,소룩스,KOSDAQ,3175,SELL candidate,-54.9645,20,3,001-strategy-universe-momentum,paper_signal_candidate_only,include
2025-02-18,381620,제닉스,KOSDAQ,14180,SELL candidate,-53.2784,20,4,001-strategy-universe-momentum,paper_signal_candidate_only,include
2025-02-18,192410,휴림네트웍스,KOSDAQ,924,SELL candidate,-51.1628,20,5,001-strategy-universe-momentum,paper_signal_candidate_only,include
2025-02-18,355390,크라우드웍스,KOSDAQ,9030,SELL candidate,-40.3173,20,6,001-strategy-universe-momentum,paper_signal_candidate_only,include
2025-02-18,064960,SNT모티브,KOSPI,27800,SELL candidate,-40.2151,20,7,001-strategy-universe-momentum,paper_signal_candidate_only,include
2025-02-18,214610,미코바이오메드,KOSDAQ,883,SELL candidate,-38.1653,20,8,001-strategy-universe-momentum,paper_signal_candidate_only,include
2025-02-18,073570,리튬포어스,KOSDAQ,964,SELL candidate,-36.6206,20,9,001-strategy-universe-momentum,paper_signal_candidate_only,include
2025-02-18,115610,이미지스,KOSDAQ,2465,SELL candidate,-35.4712,20,10,001-strategy-universe-momentum,paper_signal_candidate_only,include
2025-02-18,348370,엔켐,KOSDAQ,105500,SELL candidate,-29.2421,20,11,001-strategy-universe-momentum,paper_signal_candidate_only,include
2025-02-18,106240,파인테크닉스,KOSDAQ,1336,SELL candidate,-28.2106,20,12,001-strategy-universe-momentum,paper_signal_candidate_only,include
2025-02-18,013890,지누스,KOSPI,18800,SELL candidate,-28.1071,20,13,001-strategy-universe-momentum,paper_signal_candidate_only,include
2025-02-18,196300,애니젠,KOSDAQ,8490,SELL candidate,-27.4979,20,14,001-strategy-universe-momentum,paper_signal_candidate_only,include
2025-02-18,253840,수젠텍,KOSDAQ,5890,SELL candidate,-26.9231,20,15,001-strategy-universe-momentum,paper_signal_candidate_only,include
2025-02-18,199480,뱅크웨어글로벌,KOSDAQ,5190,SELL candidate,-26.2784,20,16,001-strategy-universe-momentum,paper_signal_candidate_only,include
2025-02-18,187660,현대ADM,KOSDAQ,2030,SELL candidate,-25.9124,20,17,001-strategy-universe-momentum,paper_signal_candidate_only,include
2025-02-18,064090,인크레더블버즈,KOSDAQ,2035,SELL candidate,-25.1838,20,18,001-strategy-universe-momentum,paper_signal_candidate_only,include
2025-02-18,445680,큐리옥스바이오시스템즈,KOSDAQ,15550,SELL candidate,-25.0602,20,19,001-strategy-universe-momentum,paper_signal_candidate_only,include
2025-02-18,039240,경남스틸,KOSDAQ,4565,SELL candidate,-24.0433,20,20,001-strategy-universe-momentum,paper_signal_candidate_only,include
2025-02-19,226950,올릭스,KOSDAQ,45000,BUY candidate,189.0173,20,1,001-strategy-universe-momentum,paper_signal_candidate_only,include
2025-02-19,098460,고영,KOSDAQ,20300,BUY candidate,121.3740,20,2,001-strategy-universe-momentum,paper_signal_candidate_only,include
2025-02-19,161580,필옵틱스,KOSDAQ,53300,BUY candidate,100.3759,20,3,001-strategy-universe-momentum,paper_signal_candidate_only,include
2025-02-19,351320,에스에이티이엔지,KOSDAQ,2555,BUY candidate,95.1872,20,4,001-strategy-universe-momentum,paper_signal_candidate_only,include
2025-02-19,105550,엣지파운드리,KOSDAQ,4660,BUY candidate,94.9791,20,5,001-strategy-universe-momentum,paper_signal_candidate_only,include
2025-02-19,388720,유일로보틱스,KOSDAQ,68300,BUY candidate,93.2107,20,6,001-strategy-universe-momentum,paper_signal_candidate_only,include
2025-02-19,080220,제주반도체,KOSDAQ,18740,BUY candidate,91.6155,20,7,001-strategy-universe-momentum,paper_signal_candidate_only,include
2025-02-19,347700,라이프시맨틱스,KOSDAQ,8080,BUY candidate,85.7471,20,8,001-strategy-universe-momentum,paper_signal_candidate_only,include
2025-02-19,340930,유일에너테크,KOSDAQ,2535,BUY candidate,83.9623,20,9,001-strategy-universe-momentum,paper_signal_candidate_only,include
2025-02-19,438700,버넥트,KOSDAQ,5500,BUY candidate,83.9465,20,10,001-strategy-universe-momentum,paper_signal_candidate_only,include
2025-02-19,264660,씨앤지하이테크,KOSDAQ,17750,BUY candidate,76.4414,20,11,001-strategy-universe-momentum,paper_signal_candidate_only,include
2025-02-19,119850,지엔씨에너지,KOSDAQ,17340,BUY candidate,76.2195,20,12,001-strategy-universe-momentum,paper_signal_candidate_only,include
2025-02-19,113810,디젠스,KOSDAQ,2520,BUY candidate,75.7322,20,13,001-strategy-universe-momentum,paper_signal_candidate_only,include
2025-02-19,090710,휴림로봇,KOSDAQ,2805,BUY candidate,73.5767,20,14,001-strategy-universe-momentum,paper_signal_candidate_only,include
2025-02-19,356860,티엘비,KOSDAQ,22300,BUY candidate,72.7343,20,15,001-strategy-universe-momentum,paper_signal_candidate_only,include
2025-02-19,082270,젬백스,KOSDAQ,31700,BUY candidate,71.8157,20,16,001-strategy-universe-momentum,paper_signal_candidate_only,include
2025-02-19,172670,에이엘티,KOSDAQ,13030,BUY candidate,70.3268,20,17,001-strategy-universe-momentum,paper_signal_candidate_only,include
2025-02-19,222800,심텍,KOSDAQ,20100,BUY candidate,70.1948,20,18,001-strategy-universe-momentum,paper_signal_candidate_only,include
2025-02-19,432720,퀄리타스반도체,KOSDAQ,16520,BUY candidate,69.7842,20,19,001-strategy-universe-momentum,paper_signal_candidate_only,include
2025-02-19,102120,어보브반도체,KOSDAQ,14570,BUY candidate,69.0255,20,20,001-strategy-universe-momentum,paper_signal_candidate_only,include
2025-02-19,065650,하이퍼코퍼레이션,KOSDAQ,428,SELL candidate,-64.9180,20,1,001-strategy-universe-momentum,paper_signal_candidate_only,include
2025-02-19,019490,엑시큐어하이트론,KOSPI,790,SELL candidate,-62.3810,20,2,001-strategy-universe-momentum,paper_signal_candidate_only,include
2025-02-19,381620,제닉스,KOSDAQ,11820,SELL candidate,-62.2364,20,3,001-strategy-universe-momentum,paper_signal_candidate_only,include
2025-02-19,290690,소룩스,KOSDAQ,2960,SELL candidate,-60.6906,20,4,001-strategy-universe-momentum,paper_signal_candidate_only,include
2025-02-19,192410,휴림네트웍스,KOSDAQ,990,SELL candidate,-48.3029,20,5,001-strategy-universe-momentum,paper_signal_candidate_only,include
2025-02-19,355390,크라우드웍스,KOSDAQ,8800,SELL candidate,-41.8374,20,6,001-strategy-universe-momentum,paper_signal_candidate_only,include
2025-02-19,064960,SNT모티브,KOSPI,27900,SELL candidate,-41.0771,20,7,001-strategy-universe-momentum,paper_signal_candidate_only,include
2025-02-19,214610,미코바이오메드,KOSDAQ,851,SELL candidate,-40.2807,20,8,001-strategy-universe-momentum,paper_signal_candidate_only,include
2025-02-19,115610,이미지스,KOSDAQ,2455,SELL candidate,-38.0832,20,9,001-strategy-universe-momentum,paper_signal_candidate_only,include
2025-02-19,073570,리튬포어스,KOSDAQ,974,SELL candidate,-37.6839,20,10,001-strategy-universe-momentum,paper_signal_candidate_only,include
2025-02-19,312610,에이에프더블류,KOSDAQ,1362,SELL candidate,-32.5743,20,11,001-strategy-universe-momentum,paper_signal_candidate_only,include
2025-02-19,187660,현대ADM,KOSDAQ,1986,SELL candidate,-31.2803,20,12,001-strategy-universe-momentum,paper_signal_candidate_only,include
2025-02-19,445680,큐리옥스바이오시스템즈,KOSDAQ,15120,SELL candidate,-28.6792,20,13,001-strategy-universe-momentum,paper_signal_candidate_only,include
2025-02-19,013890,지누스,KOSPI,19400,SELL candidate,-27.4766,20,14,001-strategy-universe-momentum,paper_signal_candidate_only,include
2025-02-19,196300,애니젠,KOSDAQ,8460,SELL candidate,-27.1945,20,15,001-strategy-universe-momentum,paper_signal_candidate_only,include
2025-02-19,253840,수젠텍,KOSDAQ,5890,SELL candidate,-26.7413,20,16,001-strategy-universe-momentum,paper_signal_candidate_only,include
2025-02-19,064090,인크레더블버즈,KOSDAQ,1999,SELL candidate,-25.4104,20,17,001-strategy-universe-momentum,paper_signal_candidate_only,include
2025-02-19,348370,엔켐,KOSDAQ,112100,SELL candidate,-25.3165,20,18,001-strategy-universe-momentum,paper_signal_candidate_only,include
2025-02-19,078160,메디포스트,KOSDAQ,8780,SELL candidate,-24.9573,20,19,001-strategy-universe-momentum,paper_signal_candidate_only,include
2025-02-19,033100,제룡전기,KOSDAQ,42300,SELL candidate,-24.7331,20,20,001-strategy-universe-momentum,paper_signal_candidate_only,include
2025-02-20,226950,올릭스,KOSDAQ,42250,BUY candidate,197.5352,20,1,001-strategy-universe-momentum,paper_signal_candidate_only,include
2025-02-20,340930,유일에너테크,KOSDAQ,2800,BUY candidate,107.4074,20,2,001-strategy-universe-momentum,paper_signal_candidate_only,include
2025-02-20,098460,고영,KOSDAQ,19000,BUY candidate,102.1277,20,3,001-strategy-universe-momentum,paper_signal_candidate_only,include
2025-02-20,010770,평화홀딩스,KOSPI,4945,BUY candidate,92.4125,20,4,001-strategy-universe-momentum,paper_signal_candidate_only,include
2025-02-20,388720,유일로보틱스,KOSDAQ,66700,BUY candidate,91.6667,20,5,001-strategy-universe-momentum,paper_signal_candidate_only,include
2025-02-20,105550,엣지파운드리,KOSDAQ,4625,BUY candidate,91.5114,20,6,001-strategy-universe-momentum,paper_signal_candidate_only,include
2025-02-20,351320,에스에이티이엔지,KOSDAQ,2485,BUY candidate,85.5863,20,7,001-strategy-universe-momentum,paper_signal_candidate_only,include
2025-02-20,347700,라이프시맨틱스,KOSDAQ,7970,BUY candidate,79.9097,20,8,001-strategy-universe-momentum,paper_signal_candidate_only,include
2025-02-20,080220,제주반도체,KOSDAQ,17300,BUY candidate,77.0727,20,9,001-strategy-universe-momentum,paper_signal_candidate_only,include
2025-02-20,113810,디젠스,KOSDAQ,2385,BUY candidate,75.7553,20,10,001-strategy-universe-momentum,paper_signal_candidate_only,include
2025-02-20,377030,맥스트,KOSDAQ,2395,BUY candidate,74.1818,20,11,001-strategy-universe-momentum,paper_signal_candidate_only,include
2025-02-20,382150,온코크로스,KOSDAQ,13700,BUY candidate,74.0788,20,12,001-strategy-universe-momentum,paper_signal_candidate_only,include
2025-02-20,419530,SAMG엔터,KOSDAQ,24600,BUY candidate,73.9745,20,13,001-strategy-universe-momentum,paper_signal_candidate_only,include
2025-02-20,438700,버넥트,KOSDAQ,5130,BUY candidate,73.3108,20,14,001-strategy-universe-momentum,paper_signal_candidate_only,include
2025-02-20,222800,심텍,KOSDAQ,20250,BUY candidate,70.0252,20,15,001-strategy-universe-momentum,paper_signal_candidate_only,include
2025-02-20,090710,휴림로봇,KOSDAQ,2715,BUY candidate,69.5815,20,16,001-strategy-universe-momentum,paper_signal_candidate_only,include
2025-02-20,119850,지엔씨에너지,KOSDAQ,16850,BUY candidate,69.5171,20,17,001-strategy-universe-momentum,paper_signal_candidate_only,include
2025-02-20,082270,젬백스,KOSDAQ,30800,BUY candidate,69.2308,20,18,001-strategy-universe-momentum,paper_signal_candidate_only,include
2025-02-20,356860,티엘비,KOSDAQ,21850,BUY candidate,68.7259,20,19,001-strategy-universe-momentum,paper_signal_candidate_only,include
2025-02-20,012450,한화에어로스페이스,KOSPI,645000,BUY candidate,68.6275,20,20,001-strategy-universe-momentum,paper_signal_candidate_only,include
2025-02-20,290690,소룩스,KOSDAQ,2780,SELL candidate,-65.6790,20,1,001-strategy-universe-momentum,paper_signal_candidate_only,include
2025-02-20,065650,하이퍼코퍼레이션,KOSDAQ,437,SELL candidate,-64.6154,20,2,001-strategy-universe-momentum,paper_signal_candidate_only,include
2025-02-20,381620,제닉스,KOSDAQ,11500,SELL candidate,-61.7940,20,3,001-strategy-universe-momentum,paper_signal_candidate_only,include
2025-02-20,019490,엑시큐어하이트론,KOSPI,781,SELL candidate,-54.1667,20,4,001-strategy-universe-momentum,paper_signal_candidate_only,include
2025-02-20,192410,휴림네트웍스,KOSDAQ,950,SELL candidate,-49.5218,20,5,001-strategy-universe-momentum,paper_signal_candidate_only,include
2025-02-20,091440,한울소재과학,KOSDAQ,2765,SELL candidate,-48.3178,20,6,001-strategy-universe-momentum,paper_signal_candidate_only,include
2025-02-20,064960,SNT모티브,KOSPI,27600,SELL candidate,-44.0729,20,7,001-strategy-universe-momentum,paper_signal_candidate_only,include
2025-02-20,115610,이미지스,KOSDAQ,2225,SELL candidate,-43.0946,20,8,001-strategy-universe-momentum,paper_signal_candidate_only,include
2025-02-20,355390,크라우드웍스,KOSDAQ,8810,SELL candidate,-41.7713,20,9,001-strategy-universe-momentum,paper_signal_candidate_only,include
2025-02-20,214610,미코바이오메드,KOSDAQ,855,SELL candidate,-38.9286,20,10,001-strategy-universe-momentum,paper_signal_candidate_only,include
2025-02-20,106240,파인테크닉스,KOSDAQ,1342,SELL candidate,-37.2897,20,11,001-strategy-universe-momentum,paper_signal_candidate_only,include
2025-02-20,073570,리튬포어스,KOSDAQ,965,SELL candidate,-36.8869,20,12,001-strategy-universe-momentum,paper_signal_candidate_only,include
2025-02-20,039240,경남스틸,KOSDAQ,4540,SELL candidate,-35.2354,20,13,001-strategy-universe-momentum,paper_signal_candidate_only,include
2025-02-20,187660,현대ADM,KOSDAQ,1869,SELL candidate,-34.1901,20,14,001-strategy-universe-momentum,paper_signal_candidate_only,include
2025-02-20,312610,에이에프더블류,KOSDAQ,1333,SELL candidate,-32.6427,20,15,001-strategy-universe-momentum,paper_signal_candidate_only,include
2025-02-20,294090,이오플로우,KOSDAQ,2315,SELL candidate,-28.9877,20,16,001-strategy-universe-momentum,paper_signal_candidate_only,include
2025-02-20,033100,제룡전기,KOSDAQ,41200,SELL candidate,-28.2230,20,17,001-strategy-universe-momentum,paper_signal_candidate_only,include
2025-02-20,013890,지누스,KOSPI,19700,SELL candidate,-26.4925,20,18,001-strategy-universe-momentum,paper_signal_candidate_only,include
2025-02-20,009450,경동나비엔,KOSPI,78200,SELL candidate,-25.8768,20,19,001-strategy-universe-momentum,paper_signal_candidate_only,include
2025-02-20,445680,큐리옥스바이오시스템즈,KOSDAQ,15450,SELL candidate,-25.5422,20,20,001-strategy-universe-momentum,paper_signal_candidate_only,include
2025-02-21,226950,올릭스,KOSDAQ,43150,BUY candidate,206.4631,20,1,001-strategy-universe-momentum,paper_signal_candidate_only,include
2025-02-21,388720,유일로보틱스,KOSDAQ,71100,BUY candidate,110.9792,20,2,001-strategy-universe-momentum,paper_signal_candidate_only,include
2025-02-21,105550,엣지파운드리,KOSDAQ,4935,BUY candidate,104.3478,20,3,001-strategy-universe-momentum,paper_signal_candidate_only,include
2025-02-21,010770,평화홀딩스,KOSPI,5110,BUY candidate,93.9279,20,4,001-strategy-universe-momentum,paper_signal_candidate_only,include
2025-02-21,340930,유일에너테크,KOSDAQ,2650,BUY candidate,91.6124,20,5,001-strategy-universe-momentum,paper_signal_candidate_only,include
2025-02-21,382150,온코크로스,KOSDAQ,12850,BUY candidate,88.1406,20,6,001-strategy-universe-momentum,paper_signal_candidate_only,include
2025-02-21,065170,비엘팜텍,KOSDAQ,3625,BUY candidate,86.5672,20,7,001-strategy-universe-momentum,paper_signal_candidate_only,include
2025-02-21,377030,맥스트,KOSDAQ,2360,BUY candidate,84.5192,20,8,001-strategy-universe-momentum,paper_signal_candidate_only,include
2025-02-21,347700,라이프시맨틱스,KOSDAQ,7500,BUY candidate,79.2115,20,9,001-strategy-universe-momentum,paper_signal_candidate_only,include
2025-02-21,082270,젬백스,KOSDAQ,32500,BUY candidate,78.7679,20,10,001-strategy-universe-momentum,paper_signal_candidate_only,include
2025-02-21,012450,한화에어로스페이스,KOSPI,660000,BUY candidate,74.8344,20,11,001-strategy-universe-momentum,paper_signal_candidate_only,include
2025-02-21,241520,DSC인베스트먼트,KOSDAQ,4950,BUY candidate,73.9895,20,12,001-strategy-universe-momentum,paper_signal_candidate_only,include
2025-02-21,113810,디젠스,KOSDAQ,2220,BUY candidate,73.3021,20,13,001-strategy-universe-momentum,paper_signal_candidate_only,include
2025-02-21,119850,지엔씨에너지,KOSDAQ,16520,BUY candidate,71.9043,20,14,001-strategy-universe-momentum,paper_signal_candidate_only,include
2025-02-21,351320,에스에이티이엔지,KOSDAQ,2400,BUY candidate,67.8322,20,15,001-strategy-universe-momentum,paper_signal_candidate_only,include
2025-02-21,090710,휴림로봇,KOSDAQ,2755,BUY candidate,67.3755,20,16,001-strategy-universe-momentum,paper_signal_candidate_only,include
2025-02-21,419530,SAMG엔터,KOSDAQ,24400,BUY candidate,67.2378,20,17,001-strategy-universe-momentum,paper_signal_candidate_only,include
2025-02-21,331520,밸로프,KOSDAQ,1022,BUY candidate,65.1050,20,18,001-strategy-universe-momentum,paper_signal_candidate_only,include
2025-02-21,172670,에이엘티,KOSDAQ,12500,BUY candidate,64.4737,20,19,001-strategy-universe-momentum,paper_signal_candidate_only,include
2025-02-21,038390,레드캡투어,KOSDAQ,14250,BUY candidate,63.7931,20,20,001-strategy-universe-momentum,paper_signal_candidate_only,include
2025-02-21,210120,캔버스엔,KOSDAQ,3710,SELL candidate,-82.8241,20,1,001-strategy-universe-momentum,paper_signal_candidate_only,include
2025-02-21,078860,엔에스이엔엠,KOSDAQ,2190,SELL candidate,-70.3654,20,2,001-strategy-universe-momentum,paper_signal_candidate_only,include
2025-02-21,065650,하이퍼코퍼레이션,KOSDAQ,425,SELL candidate,-68.4484,20,3,001-strategy-universe-momentum,paper_signal_candidate_only,include
2025-02-21,290690,소룩스,KOSDAQ,2830,SELL candidate,-62.3670,20,4,001-strategy-universe-momentum,paper_signal_candidate_only,include
2025-02-21,381620,제닉스,KOSDAQ,11290,SELL candidate,-62.2408,20,5,001-strategy-universe-momentum,paper_signal_candidate_only,include
2025-02-21,019490,엑시큐어하이트론,KOSPI,769,SELL candidate,-50.3871,20,6,001-strategy-universe-momentum,paper_signal_candidate_only,include
2025-02-21,192410,오늘이엔엠,KOSDAQ,956,SELL candidate,-49.9476,20,7,001-strategy-universe-momentum,paper_signal_candidate_only,include
2025-02-21,091440,한울소재과학,KOSDAQ,2795,SELL candidate,-46.0425,20,8,001-strategy-universe-momentum,paper_signal_candidate_only,include
2025-02-21,064960,SNT모티브,KOSPI,27800,SELL candidate,-43.7247,20,9,001-strategy-universe-momentum,paper_signal_candidate_only,include
2025-02-21,355390,크라우드웍스,KOSDAQ,8820,SELL candidate,-41.7052,20,10,001-strategy-universe-momentum,paper_signal_candidate_only,include
2025-02-21,214610,미코바이오메드,KOSDAQ,844,SELL candidate,-38.7518,20,11,001-strategy-universe-momentum,paper_signal_candidate_only,include
2025-02-21,187660,현대ADM,KOSDAQ,1883,SELL candidate,-32.5090,20,12,001-strategy-universe-momentum,paper_signal_candidate_only,include
2025-02-21,073570,리튬포어스,KOSDAQ,1055,SELL candidate,-31.7594,20,13,001-strategy-universe-momentum,paper_signal_candidate_only,include
2025-02-21,115610,이미지스,KOSDAQ,2370,SELL candidate,-31.2046,20,14,001-strategy-universe-momentum,paper_signal_candidate_only,include
2025-02-21,294090,이오플로우,KOSDAQ,2305,SELL candidate,-27.7429,20,15,001-strategy-universe-momentum,paper_signal_candidate_only,include
2025-02-21,039240,경남스틸,KOSDAQ,4615,SELL candidate,-24.8371,20,16,001-strategy-universe-momentum,paper_signal_candidate_only,include
2025-02-21,083660,CSA 코스믹,KOSDAQ,663,SELL candidate,-24.6591,20,17,001-strategy-universe-momentum,paper_signal_candidate_only,include
2025-02-21,033100,제룡전기,KOSDAQ,41000,SELL candidate,-24.6324,20,18,001-strategy-universe-momentum,paper_signal_candidate_only,include
2025-02-21,443060,HD현대마린솔루션,KOSPI,143100,SELL candidate,-24.2857,20,19,001-strategy-universe-momentum,paper_signal_candidate_only,include
2025-02-21,445680,큐리옥스바이오시스템즈,KOSDAQ,15480,SELL candidate,-23.7438,20,20,001-strategy-universe-momentum,paper_signal_candidate_only,include
