event_date,code,market,status_type,status_value,source,source_url,raw_path,confidence,notes
2022-03-24,269620,UNKNOWN,managed_issue,designated,kind,https://kind.krx.co.kr/investwarn/adminissue.do?method=searchAdminIssueList,_report/raw/2026/2026-07-08/kind/status-source-probe/managed_issue.xls,high,"snapshot=managed_issue; 종목명=시스웍; 지정사유=상장폐지사유 발생,회생절차 개시신청,자기자본 10억원 미만,자본잠식률 50% 이상"
2023-03-23,217480,UNKNOWN,managed_issue,designated,kind,https://kind.krx.co.kr/investwarn/adminissue.do?method=searchAdminIssueList,_report/raw/2026/2026-07-08/kind/status-source-probe/managed_issue.xls,high,"snapshot=managed_issue; 종목명=에스디생명공학; 지정사유=상장적격성 실질심사 대상 결정,상장폐지사유 발생"
2023-03-24,046070,UNKNOWN,managed_issue,designated,kind,https://kind.krx.co.kr/investwarn/adminissue.do?method=searchAdminIssueList,_report/raw/2026/2026-07-08/kind/status-source-probe/managed_issue.xls,high,"snapshot=managed_issue; 종목명=코다코; 지정사유=상장폐지사유 발생,상장적격성 실질심사 대상 결정,최근3사업연도중 2사업연도 자기자본 50%초과 법인세비용차감전계속사업손실 발생,회생절차 개시신청"
2023-10-27,377460,UNKNOWN,managed_issue,designated,kind,https://kind.krx.co.kr/investwarn/adminissue.do?method=searchAdminIssueList,_report/raw/2026/2026-07-08/kind/status-source-probe/managed_issue.xls,high,snapshot=managed_issue; 종목명=큐에이드; 지정사유=상장적격성 실질심사 대상 결정
2023-11-15,099520,UNKNOWN,managed_issue,designated,kind,https://kind.krx.co.kr/investwarn/adminissue.do?method=searchAdminIssueList,_report/raw/2026/2026-07-08/kind/status-source-probe/managed_issue.xls,high,"snapshot=managed_issue; 종목명=DGI; 지정사유=상장적격성 실질심사 대상 결정,상장폐지사유 발생"
2024-03-07,096610,UNKNOWN,managed_issue,designated,kind,https://kind.krx.co.kr/investwarn/adminissue.do?method=searchAdminIssueList,_report/raw/2026/2026-07-08/kind/status-source-probe/managed_issue.xls,high,"snapshot=managed_issue; 종목명=알에프세미; 지정사유=상장적격성 실질심사 대상 결정,상장폐지사유 발생"
2024-03-20,244460,UNKNOWN,managed_issue,designated,kind,https://kind.krx.co.kr/investwarn/adminissue.do?method=searchAdminIssueList,_report/raw/2026/2026-07-08/kind/status-source-probe/managed_issue.xls,high,"snapshot=managed_issue; 종목명=올리패스; 지정사유=최근3사업연도중 2사업연도 자기자본 50%초과 법인세비용차감전계속사업손실 발생,상장적격성 실질심사 대상 결정,상장폐지사유 발생,자본잠식률 50% 이상"
2024-04-08,182400,UNKNOWN,managed_issue,designated,kind,https://kind.krx.co.kr/investwarn/adminissue.do?method=searchAdminIssueList,_report/raw/2026/2026-07-08/kind/status-source-probe/managed_issue.xls,high,"snapshot=managed_issue; 종목명=엔케이젠바이오텍코리아; 지정사유=자기자본 10억원 미만,상장적격성 실질심사 대상 결정,상장폐지사유 발생,자본잠식률 50% 이상,최근3사업연도중 2사업연도 자기자본 50%초과 법인세비용차감전계속사업손실 발생"
2024-04-09,073640,UNKNOWN,managed_issue,designated,kind,https://kind.krx.co.kr/investwarn/adminissue.do?method=searchAdminIssueList,_report/raw/2026/2026-07-08/kind/status-source-probe/managed_issue.xls,high,"snapshot=managed_issue; 종목명=테라사이언스; 지정사유=상장폐지사유 발생,사외이사수 미달"
2024-04-12,258830,UNKNOWN,managed_issue,designated,kind,https://kind.krx.co.kr/investwarn/adminissue.do?method=searchAdminIssueList,_report/raw/2026/2026-07-08/kind/status-source-probe/managed_issue.xls,high,"snapshot=managed_issue; 종목명=세종메디칼; 지정사유=상장적격성 실질심사 대상 결정,최근3사업연도중 2사업연도 자기자본 50%초과 법인세비용차감전계속사업손실 발생,상장폐지사유 발생"
2024-04-19,245620,UNKNOWN,managed_issue,designated,kind,https://kind.krx.co.kr/investwarn/adminissue.do?method=searchAdminIssueList,_report/raw/2026/2026-07-08/kind/status-source-probe/managed_issue.xls,high,"snapshot=managed_issue; 종목명=EDGC; 지정사유=상장폐지사유 발생,회생절차 개시신청"
2024-04-24,196490,UNKNOWN,managed_issue,designated,kind,https://kind.krx.co.kr/investwarn/adminissue.do?method=searchAdminIssueList,_report/raw/2026/2026-07-08/kind/status-source-probe/managed_issue.xls,high,"snapshot=managed_issue; 종목명=디에이테크놀로지; 지정사유=상장적격성 실질심사 대상 결정,상장폐지사유 발생"
2024-08-16,005110,UNKNOWN,managed_issue,designated,kind,https://kind.krx.co.kr/investwarn/adminissue.do?method=searchAdminIssueList,_report/raw/2026/2026-07-08/kind/status-source-probe/managed_issue.xls,high,"snapshot=managed_issue; 종목명=한창; 지정사유=반기검토의견 의견거절,상장폐지 사유의 발생"
2024-10-07,082660,UNKNOWN,managed_issue,designated,kind,https://kind.krx.co.kr/investwarn/adminissue.do?method=searchAdminIssueList,_report/raw/2026/2026-07-08/kind/status-source-probe/managed_issue.xls,high,"snapshot=managed_issue; 종목명=코스나인; 지정사유=상장적격성 실질심사 대상 결정,상장폐지사유 발생"
2024-11-25,080720,UNKNOWN,managed_issue,designated,kind,https://kind.krx.co.kr/investwarn/adminissue.do?method=searchAdminIssueList,_report/raw/2026/2026-07-08/kind/status-source-probe/managed_issue.xls,high,"snapshot=managed_issue; 종목명=한국유니온제약; 지정사유=상장적격성 실질심사 대상 결정,상장폐지사유 발생,회생절차 개시신청"
2025-01-15,068940,UNKNOWN,managed_issue,designated,kind,https://kind.krx.co.kr/investwarn/adminissue.do?method=searchAdminIssueList,_report/raw/2026/2026-07-08/kind/status-source-probe/managed_issue.xls,high,"snapshot=managed_issue; 종목명=셀피글로벌; 지정사유=상장적격성 실질심사 대상 결정,상장폐지사유 발생"
2025-03-17,418250,UNKNOWN,managed_issue,designated,kind,https://kind.krx.co.kr/investwarn/adminissue.do?method=searchAdminIssueList,_report/raw/2026/2026-07-08/kind/status-source-probe/managed_issue.xls,high,snapshot=managed_issue; 종목명=시큐레터; 지정사유=상장적격성 실질심사 대상 결정
2025-03-21,009440,UNKNOWN,managed_issue,designated,kind,https://kind.krx.co.kr/investwarn/adminissue.do?method=searchAdminIssueList,_report/raw/2026/2026-07-08/kind/status-source-probe/managed_issue.xls,high,"snapshot=managed_issue; 종목명=KC그린홀딩스; 지정사유=반기검토의견 의견거절,상장폐지 사유의 발생"
2025-03-21,065570,UNKNOWN,managed_issue,designated,kind,https://kind.krx.co.kr/investwarn/adminissue.do?method=searchAdminIssueList,_report/raw/2026/2026-07-08/kind/status-source-probe/managed_issue.xls,high,"snapshot=managed_issue; 종목명=삼영이엔씨; 지정사유=상장적격성 실질심사 대상 결정,상장폐지사유 발생"
2025-03-21,180400,UNKNOWN,managed_issue,designated,kind,https://kind.krx.co.kr/investwarn/adminissue.do?method=searchAdminIssueList,_report/raw/2026/2026-07-08/kind/status-source-probe/managed_issue.xls,high,snapshot=managed_issue; 종목명=DXVX; 지정사유=최근3사업연도중 2사업연도 자기자본 50%초과 법인세비용차감전계속사업손실 발생
2025-03-24,049180,UNKNOWN,managed_issue,designated,kind,https://kind.krx.co.kr/investwarn/adminissue.do?method=searchAdminIssueList,_report/raw/2026/2026-07-08/kind/status-source-probe/managed_issue.xls,high,"snapshot=managed_issue; 종목명=셀루메드; 지정사유=상장폐지사유 발생,자본잠식률 50% 이상,최근3사업연도중 2사업연도 자기자본 50%초과 법인세비용차감전계속사업손실 발생"
2025-03-24,073570,UNKNOWN,managed_issue,designated,kind,https://kind.krx.co.kr/investwarn/adminissue.do?method=searchAdminIssueList,_report/raw/2026/2026-07-08/kind/status-source-probe/managed_issue.xls,high,snapshot=managed_issue; 종목명=리튬포어스; 지정사유=최근3사업연도중 2사업연도 자기자본 50%초과 법인세비용차감전계속사업손실 발생
2025-03-24,079970,UNKNOWN,managed_issue,designated,kind,https://kind.krx.co.kr/investwarn/adminissue.do?method=searchAdminIssueList,_report/raw/2026/2026-07-08/kind/status-source-probe/managed_issue.xls,high,snapshot=managed_issue; 종목명=투비소프트; 지정사유=상장폐지사유 발생
2025-03-24,196300,UNKNOWN,managed_issue,designated,kind,https://kind.krx.co.kr/investwarn/adminissue.do?method=searchAdminIssueList,_report/raw/2026/2026-07-08/kind/status-source-probe/managed_issue.xls,high,snapshot=managed_issue; 종목명=HLB펩; 지정사유=최근3사업연도중 2사업연도 자기자본 50%초과 법인세비용차감전계속사업손실 발생
2025-03-24,219550,UNKNOWN,managed_issue,designated,kind,https://kind.krx.co.kr/investwarn/adminissue.do?method=searchAdminIssueList,_report/raw/2026/2026-07-08/kind/status-source-probe/managed_issue.xls,high,snapshot=managed_issue; 종목명=디와이디; 지정사유=최근3사업연도중 2사업연도 자기자본 50%초과 법인세비용차감전계속사업손실 발생
2025-03-24,284620,UNKNOWN,managed_issue,designated,kind,https://kind.krx.co.kr/investwarn/adminissue.do?method=searchAdminIssueList,_report/raw/2026/2026-07-08/kind/status-source-probe/managed_issue.xls,high,"snapshot=managed_issue; 종목명=카이노스메드; 지정사유=최근3사업연도중 2사업연도 자기자본 50%초과 법인세비용차감전계속사업손실 발생,상장폐지사유 발생,상장적격성 실질심사 대상 결정,자본잠식률 50% 이상"
2025-03-24,288330,UNKNOWN,managed_issue,designated,kind,https://kind.krx.co.kr/investwarn/adminissue.do?method=searchAdminIssueList,_report/raw/2026/2026-07-08/kind/status-source-probe/managed_issue.xls,high,"snapshot=managed_issue; 종목명=파라택시스코리아; 지정사유=최근3사업연도중 2사업연도 자기자본 50%초과 법인세비용차감전계속사업손실 발생,상장폐지사유 발생,상장적격성 실질심사 대상 결정"
2025-03-24,294090,UNKNOWN,managed_issue,designated,kind,https://kind.krx.co.kr/investwarn/adminissue.do?method=searchAdminIssueList,_report/raw/2026/2026-07-08/kind/status-source-probe/managed_issue.xls,high,"snapshot=managed_issue; 종목명=이오플로우; 지정사유=상장적격성 실질심사 대상 결정,상장폐지사유 발생"
2025-03-24,298060,UNKNOWN,managed_issue,designated,kind,https://kind.krx.co.kr/investwarn/adminissue.do?method=searchAdminIssueList,_report/raw/2026/2026-07-08/kind/status-source-probe/managed_issue.xls,high,"snapshot=managed_issue; 종목명=풍전약품; 지정사유=최근3사업연도중 2사업연도 자기자본 50%초과 법인세비용차감전계속사업손실 발생,최근3사업연도중 2사업연도 자기자본 50%초과 법인세비용차감전계속사업손실 발생"
2025-03-25,241820,UNKNOWN,managed_issue,designated,kind,https://kind.krx.co.kr/investwarn/adminissue.do?method=searchAdminIssueList,_report/raw/2026/2026-07-08/kind/status-source-probe/managed_issue.xls,high,"snapshot=managed_issue; 종목명=피씨엘; 지정사유=상장적격성 실질심사 대상 결정,자본잠식률 50% 이상,매출액 30억원 미달,상장폐지사유 발생"
2025-03-26,052770,UNKNOWN,managed_issue,designated,kind,https://kind.krx.co.kr/investwarn/adminissue.do?method=searchAdminIssueList,_report/raw/2026/2026-07-08/kind/status-source-probe/managed_issue.xls,high,"snapshot=managed_issue; 종목명=아이톡시; 지정사유=시가총액 미달,상장폐지사유 발생,자본잠식률 50% 이상"
2025-04-01,001470,UNKNOWN,managed_issue,designated,kind,https://kind.krx.co.kr/investwarn/adminissue.do?method=searchAdminIssueList,_report/raw/2026/2026-07-08/kind/status-source-probe/managed_issue.xls,high,"snapshot=managed_issue; 종목명=삼부토건; 지정사유=상장폐지 사유의 발생,회생절차개시신청,반기검토의견 의견거절"
2025-04-01,043220,UNKNOWN,managed_issue,designated,kind,https://kind.krx.co.kr/investwarn/adminissue.do?method=searchAdminIssueList,_report/raw/2026/2026-07-08/kind/status-source-probe/managed_issue.xls,high,"snapshot=managed_issue; 종목명=티에스넥스젠; 지정사유=회생절차 개시신청,상장적격성 실질심사 대상 결정,상장폐지사유 발생"
2025-04-02,121800,UNKNOWN,managed_issue,designated,kind,https://kind.krx.co.kr/investwarn/adminissue.do?method=searchAdminIssueList,_report/raw/2026/2026-07-08/kind/status-source-probe/managed_issue.xls,high,"snapshot=managed_issue; 종목명=비덴트; 지정사유=상장폐지사유 발생,상장적격성 실질심사 대상 결정"
2025-04-07,352770,UNKNOWN,managed_issue,designated,kind,https://kind.krx.co.kr/investwarn/adminissue.do?method=searchAdminIssueList,_report/raw/2026/2026-07-08/kind/status-source-probe/managed_issue.xls,high,"snapshot=managed_issue; 종목명=셀레스트라; 지정사유=회생절차 개시신청,파산신청,상장폐지사유 발생"
2025-04-07,412540,UNKNOWN,managed_issue,designated,kind,https://kind.krx.co.kr/investwarn/adminissue.do?method=searchAdminIssueList,_report/raw/2026/2026-07-08/kind/status-source-probe/managed_issue.xls,high,"snapshot=managed_issue; 종목명=제일엠앤에스; 지정사유=상장폐지사유 발생,회생절차 개시신청"
2025-04-08,036690,UNKNOWN,managed_issue,designated,kind,https://kind.krx.co.kr/investwarn/adminissue.do?method=searchAdminIssueList,_report/raw/2026/2026-07-08/kind/status-source-probe/managed_issue.xls,high,"snapshot=managed_issue; 종목명=코맥스; 지정사유=최근3사업연도중 2사업연도 자기자본 50%초과 법인세비용차감전계속사업손실 발생,상장적격성 실질심사 대상 결정"
2025-04-08,043090,UNKNOWN,managed_issue,designated,kind,https://kind.krx.co.kr/investwarn/adminissue.do?method=searchAdminIssueList,_report/raw/2026/2026-07-08/kind/status-source-probe/managed_issue.xls,high,"snapshot=managed_issue; 종목명=더테크놀로지; 지정사유=최근3사업연도중 2사업연도 자기자본 50%초과 법인세비용차감전계속사업손실 발생,상장적격성 실질심사 대상 결정,상장폐지사유 발생,매출액 30억원 미달"
2025-04-08,060240,UNKNOWN,managed_issue,designated,kind,https://kind.krx.co.kr/investwarn/adminissue.do?method=searchAdminIssueList,_report/raw/2026/2026-07-08/kind/status-source-probe/managed_issue.xls,high,"snapshot=managed_issue; 종목명=스타코링크; 지정사유=상장적격성 실질심사 대상 결정,상장폐지사유 발생,자본잠식률 50% 이상,최근3사업연도중 2사업연도 자기자본 50%초과 법인세비용차감전계속사업손실 발생"
2025-04-11,030350,UNKNOWN,managed_issue,designated,kind,https://kind.krx.co.kr/investwarn/adminissue.do?method=searchAdminIssueList,_report/raw/2026/2026-07-08/kind/status-source-probe/managed_issue.xls,high,"snapshot=managed_issue; 종목명=드래곤플라이; 지정사유=상장적격성 실질심사 대상 결정,최근3사업연도중 2사업연도 자기자본 50%초과 법인세비용차감전계속사업손실 발생"
2025-04-11,065150,UNKNOWN,managed_issue,designated,kind,https://kind.krx.co.kr/investwarn/adminissue.do?method=searchAdminIssueList,_report/raw/2026/2026-07-08/kind/status-source-probe/managed_issue.xls,high,snapshot=managed_issue; 종목명=대산F&B; 지정사유=상장적격성 실질심사 대상 결정
2025-05-09,066410,UNKNOWN,managed_issue,designated,kind,https://kind.krx.co.kr/investwarn/adminissue.do?method=searchAdminIssueList,_report/raw/2026/2026-07-08/kind/status-source-probe/managed_issue.xls,high,snapshot=managed_issue; 종목명=버킷스튜디오; 지정사유=상장적격성 실질심사 대상 결정
2025-05-16,016790,UNKNOWN,managed_issue,designated,kind,https://kind.krx.co.kr/investwarn/adminissue.do?method=searchAdminIssueList,_report/raw/2026/2026-07-08/kind/status-source-probe/managed_issue.xls,high,"snapshot=managed_issue; 종목명=현대사료; 지정사유=상장적격성 실질심사 대상 결정,상장폐지사유 발생"
2025-05-22,005030,UNKNOWN,managed_issue,designated,kind,https://kind.krx.co.kr/investwarn/adminissue.do?method=searchAdminIssueList,_report/raw/2026/2026-07-08/kind/status-source-probe/managed_issue.xls,high,snapshot=managed_issue; 종목명=부산주공; 지정사유=자본잠식(자본금의 50/100이상 잠식)
2025-05-23,041590,UNKNOWN,managed_issue,designated,kind,https://kind.krx.co.kr/investwarn/adminissue.do?method=searchAdminIssueList,_report/raw/2026/2026-07-08/kind/status-source-probe/managed_issue.xls,high,"snapshot=managed_issue; 종목명=플래스크; 지정사유=상장적격성 실질심사 대상 결정,상장폐지사유 발생"
2025-07-22,246250,UNKNOWN,managed_issue,designated,kind,https://kind.krx.co.kr/investwarn/adminissue.do?method=searchAdminIssueList,_report/raw/2026/2026-07-08/kind/status-source-probe/managed_issue.xls,high,"snapshot=managed_issue; 종목명=에스엘에스바이오; 지정사유=상장적격성 실질심사 대상 결정,상장폐지사유 발생"
2025-08-04,066790,UNKNOWN,managed_issue,designated,kind,https://kind.krx.co.kr/investwarn/adminissue.do?method=searchAdminIssueList,_report/raw/2026/2026-07-08/kind/status-source-probe/managed_issue.xls,high,"snapshot=managed_issue; 종목명=씨씨에스; 지정사유=상장적격성 실질심사 대상 결정,상장폐지사유 발생"
2025-09-03,054180,UNKNOWN,managed_issue,designated,kind,https://kind.krx.co.kr/investwarn/adminissue.do?method=searchAdminIssueList,_report/raw/2026/2026-07-08/kind/status-source-probe/managed_issue.xls,high,"snapshot=managed_issue; 종목명=메디콕스; 지정사유=상장폐지사유 발생,상장적격성 실질심사 대상 결정"
2025-09-18,175250,UNKNOWN,managed_issue,designated,kind,https://kind.krx.co.kr/investwarn/adminissue.do?method=searchAdminIssueList,_report/raw/2026/2026-07-08/kind/status-source-probe/managed_issue.xls,high,"snapshot=managed_issue; 종목명=아이큐어; 지정사유=상장적격성 실질심사 대상 결정,최근3사업연도중 2사업연도 자기자본 50%초과 법인세비용차감전계속사업손실 발생"
2025-12-11,234920,UNKNOWN,managed_issue,designated,kind,https://kind.krx.co.kr/investwarn/adminissue.do?method=searchAdminIssueList,_report/raw/2026/2026-07-08/kind/status-source-probe/managed_issue.xls,high,snapshot=managed_issue; 종목명=자이글; 지정사유=상장적격성 실질심사 대상 결정
2026-01-07,002410,UNKNOWN,managed_issue,designated,kind,https://kind.krx.co.kr/investwarn/adminissue.do?method=searchAdminIssueList,_report/raw/2026/2026-07-08/kind/status-source-probe/managed_issue.xls,high,"snapshot=managed_issue; 종목명=범양건영; 지정사유=회생절차개시신청,반기검토의견 의견거절,상장폐지 사유의 발생"
2026-01-14,111870,UNKNOWN,delisting,delisted,kind,https://kind.krx.co.kr/investwarn/delcompany.do?method=searchDelCompanyMain,_report/raw/2026/2026-07-08/kind/status-source-probe/delisted_company.xls,high,snapshot=delisted_company; 회사명=KH 미래물산; 폐지사유=감사의견 거절(감사범위 제한)
2026-01-14,174880,UNKNOWN,delisting,delisted,kind,https://kind.krx.co.kr/investwarn/delcompany.do?method=searchDelCompanyMain,_report/raw/2026/2026-07-08/kind/status-source-probe/delisted_company.xls,high,snapshot=delisted_company; 회사명=장원테크; 폐지사유=감사의견 한정(감사범위 제한)
2026-01-14,226360,UNKNOWN,delisting,delisted,kind,https://kind.krx.co.kr/investwarn/delcompany.do?method=searchDelCompanyMain,_report/raw/2026/2026-07-08/kind/status-source-probe/delisted_company.xls,high,snapshot=delisted_company; 회사명=KH 건설; 폐지사유=감사의견 거절(감사범위 제한)
2026-01-14,308700,UNKNOWN,delisting,delisted,kind,https://kind.krx.co.kr/investwarn/delcompany.do?method=searchDelCompanyMain,_report/raw/2026/2026-07-08/kind/status-source-probe/delisted_company.xls,high,snapshot=delisted_company; 회사명=테크엔; 폐지사유=지정자문인 선임계약 해지 후 30일 이내 미체결(2025.5.15限)
2026-01-14,448830,UNKNOWN,delisting,delisted,kind,https://kind.krx.co.kr/investwarn/delcompany.do?method=searchDelCompanyMain,_report/raw/2026/2026-07-08/kind/status-source-probe/delisted_company.xls,high,snapshot=delisted_company; 회사명=미래에셋비전스팩3호; 폐지사유=피흡수합병(스팩소멸합병)
2026-01-14,478780,UNKNOWN,delisting,delisted,kind,https://kind.krx.co.kr/investwarn/delcompany.do?method=searchDelCompanyMain,_report/raw/2026/2026-07-08/kind/status-source-probe/delisted_company.xls,high,snapshot=delisted_company; 회사명=대신밸런스제18호스팩; 폐지사유=피흡수합병(스팩소멸합병)
2026-01-15,003560,UNKNOWN,delisting,delisted,kind,https://kind.krx.co.kr/investwarn/delcompany.do?method=searchDelCompanyMain,_report/raw/2026/2026-07-08/kind/status-source-probe/delisted_company.xls,high,snapshot=delisted_company; 회사명=아이에이치큐; 폐지사유=감사의견 의견거절 2년 계속
2026-01-15,033180,UNKNOWN,delisting,delisted,kind,https://kind.krx.co.kr/investwarn/delcompany.do?method=searchDelCompanyMain,_report/raw/2026/2026-07-08/kind/status-source-probe/delisted_company.xls,high,snapshot=delisted_company; 회사명=KH 필룩스; 폐지사유=감사의견 의견거절 2년 계속
2026-01-16,343090,UNKNOWN,delisting,delisted,kind,https://kind.krx.co.kr/investwarn/delcompany.do?method=searchDelCompanyMain,_report/raw/2026/2026-07-08/kind/status-source-probe/delisted_company.xls,high,snapshot=delisted_company; 회사명=HLB사이언스; 폐지사유=피흡수합병
2026-01-22,057880,UNKNOWN,delisting,delisted,kind,https://kind.krx.co.kr/investwarn/delcompany.do?method=searchDelCompanyMain,_report/raw/2026/2026-07-08/kind/status-source-probe/delisted_company.xls,high,snapshot=delisted_company; 회사명=푸른소나무; 폐지사유=감사의견 거절(감사범위 제한 및 계속기업 존속능력 불확실성)
2026-01-26,010600,UNKNOWN,delisting,delisted,kind,https://kind.krx.co.kr/investwarn/delcompany.do?method=searchDelCompanyMain,_report/raw/2026/2026-07-08/kind/status-source-probe/delisted_company.xls,high,snapshot=delisted_company; 회사명=웰바이오텍; 폐지사유=감사의견 의견거절 2년 계속
2026-01-26,042670,UNKNOWN,delisting,delisted,kind,https://kind.krx.co.kr/investwarn/delcompany.do?method=searchDelCompanyMain,_report/raw/2026/2026-07-08/kind/status-source-probe/delisted_company.xls,high,snapshot=delisted_company; 회사명=HD현대인프라코어; 폐지사유=해산 사유 발생
2026-01-26,150840,UNKNOWN,delisting,delisted,kind,https://kind.krx.co.kr/investwarn/delcompany.do?method=searchDelCompanyMain,_report/raw/2026/2026-07-08/kind/status-source-probe/delisted_company.xls,high,snapshot=delisted_company; 회사명=인트로메딕; 폐지사유=기업의 계속성 및 경영의 투명성 등을 종합적으로 고려하여 상장폐지기준에 해당한다고 결정
2026-01-27,001140,UNKNOWN,delisting,delisted,kind,https://kind.krx.co.kr/investwarn/delcompany.do?method=searchDelCompanyMain,_report/raw/2026/2026-07-08/kind/status-source-probe/delisted_company.xls,high,snapshot=delisted_company; 회사명=국보; 폐지사유=감사의견 의견거절 2년 계속
2026-01-27,208340,UNKNOWN,delisting,delisted,kind,https://kind.krx.co.kr/investwarn/delcompany.do?method=searchDelCompanyMain,_report/raw/2026/2026-07-08/kind/status-source-probe/delisted_company.xls,high,snapshot=delisted_company; 회사명=파멥신; 폐지사유=기업의 계속성 및 경영의 투명성 등을 종합적으로 고려하여 상장폐지기준에 해당한다고 결정
2026-01-27,495900,UNKNOWN,delisting,delisted,kind,https://kind.krx.co.kr/investwarn/delcompany.do?method=searchDelCompanyMain,_report/raw/2026/2026-07-08/kind/status-source-probe/delisted_company.xls,high,snapshot=delisted_company; 회사명=에이엠시지; 폐지사유=상장폐지 신청
2026-01-28,446150,UNKNOWN,delisting,delisted,kind,https://kind.krx.co.kr/investwarn/delcompany.do?method=searchDelCompanyMain,_report/raw/2026/2026-07-08/kind/status-source-probe/delisted_company.xls,high,snapshot=delisted_company; 회사명=유안타제12호스팩; 폐지사유=합병상장예비심사청구서 미제출로 관리종목 지정 후 1개월 이내 동 사유 미해소
2026-01-28,455250,UNKNOWN,delisting,delisted,kind,https://kind.krx.co.kr/investwarn/delcompany.do?method=searchDelCompanyMain,_report/raw/2026/2026-07-08/kind/status-source-probe/delisted_company.xls,high,snapshot=delisted_company; 회사명=KB제25호스팩; 폐지사유=합병상장예비심사신청서 미제출로 관리종목 지정 후 1개월 이내 동 사유 미해소
2026-01-29,450050,UNKNOWN,delisting,delisted,kind,https://kind.krx.co.kr/investwarn/delcompany.do?method=searchDelCompanyMain,_report/raw/2026/2026-07-08/kind/status-source-probe/delisted_company.xls,high,snapshot=delisted_company; 회사명=하이제8호스팩; 폐지사유=상장예비심사신청서 미제출 등으로 관리종목으로 지정된 날부터 1개월 이내 동 사유 미해소
2026-02-04,454640,UNKNOWN,delisting,delisted,kind,https://kind.krx.co.kr/investwarn/delcompany.do?method=searchDelCompanyMain,_report/raw/2026/2026-07-08/kind/status-source-probe/delisted_company.xls,high,snapshot=delisted_company; 회사명=하나29호스팩; 폐지사유=상장예비심사신청서 미제출 등으로 관리종목으로 지정된 날부터 1개월 이내 동 사유 미해소
2026-02-09,288490,UNKNOWN,delisting,delisted,kind,https://kind.krx.co.kr/investwarn/delcompany.do?method=searchDelCompanyMain,_report/raw/2026/2026-07-08/kind/status-source-probe/delisted_company.xls,high,snapshot=delisted_company; 회사명=나라소프트; 폐지사유=지정자문인 선임계약 해지 후 30일 이내 미체결
2026-02-10,456490,UNKNOWN,delisting,delisted,kind,https://kind.krx.co.kr/investwarn/delcompany.do?method=searchDelCompanyMain,_report/raw/2026/2026-07-08/kind/status-source-probe/delisted_company.xls,high,snapshot=delisted_company; 회사명=교보14호스팩; 폐지사유=상장예비심사신청서 미제출 등으로 관리종목으로 지정된 날부터 1개월 이내 동 사유 미해소
2026-02-12,019440,UNKNOWN,delisting,delisted,kind,https://kind.krx.co.kr/investwarn/delcompany.do?method=searchDelCompanyMain,_report/raw/2026/2026-07-08/kind/status-source-probe/delisted_company.xls,high,snapshot=delisted_company; 회사명=세아특수강; 폐지사유=지주회사(최대주주등)의 완전자회사화 등
2026-02-13,031860,UNKNOWN,managed_issue,designated,kind,https://kind.krx.co.kr/investwarn/adminissue.do?method=searchAdminIssueList,_report/raw/2026/2026-07-08/kind/status-source-probe/managed_issue.xls,high,"snapshot=managed_issue; 종목명=디에이치엑스컴퍼니; 지정사유=상장폐지사유 발생,시가총액 미달"
2026-02-23,052670,UNKNOWN,delisting,delisted,kind,https://kind.krx.co.kr/investwarn/delcompany.do?method=searchDelCompanyMain,_report/raw/2026/2026-07-08/kind/status-source-probe/delisted_company.xls,high,snapshot=delisted_company; 회사명=제일바이오; 폐지사유=기업의 계속성 및 경영의 투명성 등을 종합적으로 고려하여 상장폐지기준에 해당한다고 결정
2026-02-24,341310,UNKNOWN,delisting,delisted,kind,https://kind.krx.co.kr/investwarn/delcompany.do?method=searchDelCompanyMain,_report/raw/2026/2026-07-08/kind/status-source-probe/delisted_company.xls,high,snapshot=delisted_company; 회사명=이앤에치; 폐지사유=지정자문인 선임계약 해지 후 30일 이내 미체결('26.2.5限)
2026-02-25,263050,UNKNOWN,managed_issue,designated,kind,https://kind.krx.co.kr/investwarn/adminissue.do?method=searchAdminIssueList,_report/raw/2026/2026-07-08/kind/status-source-probe/managed_issue.xls,high,"snapshot=managed_issue; 종목명=유틸렉스; 지정사유=상장폐지사유 발생,상장적격성 실질심사 대상 결정"
2026-03-04,455910,UNKNOWN,delisting,delisted,kind,https://kind.krx.co.kr/investwarn/delcompany.do?method=searchDelCompanyMain,_report/raw/2026/2026-07-08/kind/status-source-probe/delisted_company.xls,high,snapshot=delisted_company; 회사명=SK증권제9호스팩; 폐지사유=합병상장예비심사신청서 미제출 등으로 관리종목으로 지정된 날(2026.1.14)부터 1개월 이내 동 사유 미해소
2026-03-05,001570,UNKNOWN,managed_issue,designated,kind,https://kind.krx.co.kr/investwarn/adminissue.do?method=searchAdminIssueList,_report/raw/2026/2026-07-08/kind/status-source-probe/managed_issue.xls,high,"snapshot=managed_issue; 종목명=금양; 지정사유=상장폐지 사유의 발생,반기검토의견 의견거절"
2026-03-05,450940,UNKNOWN,delisting,delisted,kind,https://kind.krx.co.kr/investwarn/delcompany.do?method=searchDelCompanyMain,_report/raw/2026/2026-07-08/kind/status-source-probe/delisted_company.xls,high,snapshot=delisted_company; 회사명=유안타제14호스팩; 폐지사유=합병상장예비심사신청서 미제출 등으로 관리종목으로 지정된 날(2026.1.20)부터 1개월 이내 동 사유 미해소
2026-03-06,044180,UNKNOWN,managed_issue,designated,kind,https://kind.krx.co.kr/investwarn/adminissue.do?method=searchAdminIssueList,_report/raw/2026/2026-07-08/kind/status-source-probe/managed_issue.xls,high,"snapshot=managed_issue; 종목명=KD; 지정사유=회생절차 개시신청,상장폐지사유 발생"
2026-03-16,222810,UNKNOWN,delisting,delisted,kind,https://kind.krx.co.kr/investwarn/delcompany.do?method=searchDelCompanyMain,_report/raw/2026/2026-07-08/kind/status-source-probe/delisted_company.xls,high,snapshot=delisted_company; 회사명=세토피아; 폐지사유=감사의견 거절(계속기업 존속능력 불확실성)
2026-03-16,457940,UNKNOWN,delisting,delisted,kind,https://kind.krx.co.kr/investwarn/delcompany.do?method=searchDelCompanyMain,_report/raw/2026/2026-07-08/kind/status-source-probe/delisted_company.xls,high,snapshot=delisted_company; 회사명=SK증권제10호스팩; 폐지사유=합병상장예비심사신청서 미제출 등으로 관리종목으로 지정된 날(2026.02.04)부터 1개월 이내 동 사유 미해소
2026-03-17,015020,UNKNOWN,managed_issue,designated,kind,https://kind.krx.co.kr/investwarn/adminissue.do?method=searchAdminIssueList,_report/raw/2026/2026-07-08/kind/status-source-probe/managed_issue.xls,high,snapshot=managed_issue; 종목명=이스타코; 지정사유=상장폐지 사유의 발생
2026-03-17,036180,UNKNOWN,delisting,delisted,kind,https://kind.krx.co.kr/investwarn/delcompany.do?method=searchDelCompanyMain,_report/raw/2026/2026-07-08/kind/status-source-probe/delisted_company.xls,high,snapshot=delisted_company; 회사명=지더블유바이텍; 폐지사유=기업의 계속성 및 경영의 투명성 등을 종합적으로 고려하여 상장폐지기준에 해당한다고 결정
2026-03-17,377030,UNKNOWN,managed_issue,designated,kind,https://kind.krx.co.kr/investwarn/adminissue.do?method=searchAdminIssueList,_report/raw/2026/2026-07-08/kind/status-source-probe/managed_issue.xls,high,snapshot=managed_issue; 종목명=비트맥스; 지정사유=최근3사업연도중 2사업연도 자기자본 50%초과 법인세비용차감전계속사업손실 발생
2026-03-18,204630,UNKNOWN,delisting,delisted,kind,https://kind.krx.co.kr/investwarn/delcompany.do?method=searchDelCompanyMain,_report/raw/2026/2026-07-08/kind/status-source-probe/delisted_company.xls,high,snapshot=delisted_company; 회사명=스튜디오산타클로스; 폐지사유=감사의견 한정(감사범위 제한)
2026-03-23,019490,UNKNOWN,managed_issue,designated,kind,https://kind.krx.co.kr/investwarn/adminissue.do?method=searchAdminIssueList,_report/raw/2026/2026-07-08/kind/status-source-probe/managed_issue.xls,high,snapshot=managed_issue; 종목명=엑시큐어하이트론; 지정사유=자본잠식(자본금의 50/100이상 잠식)
2026-03-23,066900,UNKNOWN,managed_issue,designated,kind,https://kind.krx.co.kr/investwarn/adminissue.do?method=searchAdminIssueList,_report/raw/2026/2026-07-08/kind/status-source-probe/managed_issue.xls,high,"snapshot=managed_issue; 종목명=디에이피; 지정사유=최근3사업연도중 2사업연도 자기자본 50%초과 법인세비용차감전계속사업손실 발생,자본잠식률 50% 이상"
2026-03-23,294140,UNKNOWN,managed_issue,designated,kind,https://kind.krx.co.kr/investwarn/adminissue.do?method=searchAdminIssueList,_report/raw/2026/2026-07-08/kind/status-source-probe/managed_issue.xls,high,snapshot=managed_issue; 종목명=레몬; 지정사유=최근3사업연도중 2사업연도 자기자본 50%초과 법인세비용차감전계속사업손실 발생
2026-03-24,008600,UNKNOWN,managed_issue,designated,kind,https://kind.krx.co.kr/investwarn/adminissue.do?method=searchAdminIssueList,_report/raw/2026/2026-07-08/kind/status-source-probe/managed_issue.xls,high,snapshot=managed_issue; 종목명=윌비스; 지정사유=상장폐지 사유의 발생
2026-03-24,011810,UNKNOWN,managed_issue,designated,kind,https://kind.krx.co.kr/investwarn/adminissue.do?method=searchAdminIssueList,_report/raw/2026/2026-07-08/kind/status-source-probe/managed_issue.xls,high,"snapshot=managed_issue; 종목명=STX; 지정사유=회생절차개시신청,상장폐지 사유의 발생"
2026-03-24,023440,UNKNOWN,managed_issue,designated,kind,https://kind.krx.co.kr/investwarn/adminissue.do?method=searchAdminIssueList,_report/raw/2026/2026-07-08/kind/status-source-probe/managed_issue.xls,high,snapshot=managed_issue; 종목명=제이스코홀딩스; 지정사유=상장폐지사유 발생
2026-03-24,068240,UNKNOWN,managed_issue,designated,kind,https://kind.krx.co.kr/investwarn/adminissue.do?method=searchAdminIssueList,_report/raw/2026/2026-07-08/kind/status-source-probe/managed_issue.xls,high,"snapshot=managed_issue; 종목명=다원시스; 지정사유=회생절차 개시신청,상장적격성 실질심사 대상 결정,상장폐지사유 발생"
2026-03-24,069460,UNKNOWN,managed_issue,designated,kind,https://kind.krx.co.kr/investwarn/adminissue.do?method=searchAdminIssueList,_report/raw/2026/2026-07-08/kind/status-source-probe/managed_issue.xls,high,snapshot=managed_issue; 종목명=대호에이엘; 지정사유=상장폐지 사유의 발생
2026-03-24,079950,UNKNOWN,managed_issue,designated,kind,https://kind.krx.co.kr/investwarn/adminissue.do?method=searchAdminIssueList,_report/raw/2026/2026-07-08/kind/status-source-probe/managed_issue.xls,high,snapshot=managed_issue; 종목명=인베니아; 지정사유=최근3사업연도중 2사업연도 자기자본 50%초과 법인세비용차감전계속사업손실 발생
2026-03-24,088290,UNKNOWN,managed_issue,designated,kind,https://kind.krx.co.kr/investwarn/adminissue.do?method=searchAdminIssueList,_report/raw/2026/2026-07-08/kind/status-source-probe/managed_issue.xls,high,snapshot=managed_issue; 종목명=이원컴포텍; 지정사유=자본잠식률 50% 이상
2026-03-24,145210,UNKNOWN,managed_issue,designated,kind,https://kind.krx.co.kr/investwarn/adminissue.do?method=searchAdminIssueList,_report/raw/2026/2026-07-08/kind/status-source-probe/managed_issue.xls,high,"snapshot=managed_issue; 종목명=다이나믹디자인; 지정사유=감사범위제한으로인한 감사의견한정,상장폐지 사유의 발생,시가총액 미달"
2026-03-24,183490,UNKNOWN,managed_issue,designated,kind,https://kind.krx.co.kr/investwarn/adminissue.do?method=searchAdminIssueList,_report/raw/2026/2026-07-08/kind/status-source-probe/managed_issue.xls,high,snapshot=managed_issue; 종목명=엔지켐생명과학; 지정사유=상장폐지사유 발생
2026-03-24,195990,UNKNOWN,managed_issue,designated,kind,https://kind.krx.co.kr/investwarn/adminissue.do?method=searchAdminIssueList,_report/raw/2026/2026-07-08/kind/status-source-probe/managed_issue.xls,high,snapshot=managed_issue; 종목명=루트K; 지정사유=자본잠식률 50% 이상
2026-03-24,214610,UNKNOWN,managed_issue,designated,kind,https://kind.krx.co.kr/investwarn/adminissue.do?method=searchAdminIssueList,_report/raw/2026/2026-07-08/kind/status-source-probe/managed_issue.xls,high,snapshot=managed_issue; 종목명=롤링스톤; 지정사유=상장폐지사유 발생
2026-03-24,380540,UNKNOWN,managed_issue,designated,kind,https://kind.krx.co.kr/investwarn/adminissue.do?method=searchAdminIssueList,_report/raw/2026/2026-07-08/kind/status-source-probe/managed_issue.xls,high,snapshot=managed_issue; 종목명=옵티코어; 지정사유=상장폐지사유 발생
2026-03-25,246720,UNKNOWN,managed_issue,designated,kind,https://kind.krx.co.kr/investwarn/adminissue.do?method=searchAdminIssueList,_report/raw/2026/2026-07-08/kind/status-source-probe/managed_issue.xls,high,snapshot=managed_issue; 종목명=아스타; 지정사유=상장폐지사유 발생
2026-03-26,238170,UNKNOWN,delisting,delisted,kind,https://kind.krx.co.kr/investwarn/delcompany.do?method=searchDelCompanyMain,_report/raw/2026/2026-07-08/kind/status-source-probe/delisted_company.xls,high,snapshot=delisted_company; 회사명=엔에스엠; 폐지사유=피흡수합병
2026-03-27,064090,UNKNOWN,managed_issue,designated,kind,https://kind.krx.co.kr/investwarn/adminissue.do?method=searchAdminIssueList,_report/raw/2026/2026-07-08/kind/status-source-probe/managed_issue.xls,high,"snapshot=managed_issue; 종목명=인크레더블버즈; 지정사유=상장적격성 실질심사 대상 결정,상장폐지사유 발생"
2026-03-30,008110,UNKNOWN,delisting,delisted,kind,https://kind.krx.co.kr/investwarn/delcompany.do?method=searchDelCompanyMain,_report/raw/2026/2026-07-08/kind/status-source-probe/delisted_company.xls,high,snapshot=delisted_company; 회사명=대동전자; 폐지사유=감사범위제한으로인한 감사의견한정 2년 계속
2026-04-01,313760,UNKNOWN,managed_issue,designated,kind,https://kind.krx.co.kr/investwarn/adminissue.do?method=searchAdminIssueList,_report/raw/2026/2026-07-08/kind/status-source-probe/managed_issue.xls,high,snapshot=managed_issue; 종목명=캐리; 지정사유=상장폐지사유 발생
2026-04-02,001840,UNKNOWN,managed_issue,designated,kind,https://kind.krx.co.kr/investwarn/adminissue.do?method=searchAdminIssueList,_report/raw/2026/2026-07-08/kind/status-source-probe/managed_issue.xls,high,"snapshot=managed_issue; 종목명=이화공영; 지정사유=상장적격성 실질심사 대상 결정,상장폐지사유 발생"
2026-04-03,458610,UNKNOWN,delisting,delisted,kind,https://kind.krx.co.kr/investwarn/delcompany.do?method=searchDelCompanyMain,_report/raw/2026/2026-07-08/kind/status-source-probe/delisted_company.xls,high,snapshot=delisted_company; 회사명=한국제12호스팩; 폐지사유=상장예비심사신청서 미제출 등으로 관리종목으로 지정된 날부터 1개월 이내 동 사유 미해소
2026-04-03,473370,UNKNOWN,delisting,delisted,kind,https://kind.krx.co.kr/investwarn/delcompany.do?method=searchDelCompanyMain,_report/raw/2026/2026-07-08/kind/status-source-probe/delisted_company.xls,high,snapshot=delisted_company; 회사명=비엔케이제2호스팩; 폐지사유=피흡수합병(스팩소멸합병)
2026-04-06,444920,UNKNOWN,delisting,delisted,kind,https://kind.krx.co.kr/investwarn/delcompany.do?method=searchDelCompanyMain,_report/raw/2026/2026-07-08/kind/status-source-probe/delisted_company.xls,high,snapshot=delisted_company; 회사명=유안타제11호스팩; 폐지사유=상장예비심사신청서 미제출 등으로 관리종목으로 지정된 날부터 1개월 이내 동 사유 미해소
2026-04-07,309710,UNKNOWN,managed_issue,designated,kind,https://kind.krx.co.kr/investwarn/adminissue.do?method=searchAdminIssueList,_report/raw/2026/2026-07-08/kind/status-source-probe/managed_issue.xls,high,snapshot=managed_issue; 종목명=아이티켐; 지정사유=상장폐지사유 발생
2026-04-08,006490,UNKNOWN,managed_issue,designated,kind,https://kind.krx.co.kr/investwarn/adminissue.do?method=searchAdminIssueList,_report/raw/2026/2026-07-08/kind/status-source-probe/managed_issue.xls,high,snapshot=managed_issue; 종목명=프리티; 지정사유=자본잠식(자본금의 50/100이상 잠식)
2026-04-08,011000,UNKNOWN,managed_issue,designated,kind,https://kind.krx.co.kr/investwarn/adminissue.do?method=searchAdminIssueList,_report/raw/2026/2026-07-08/kind/status-source-probe/managed_issue.xls,high,snapshot=managed_issue; 종목명=진원생명과학; 지정사유=자본잠식(자본금의 50/100이상 잠식)
2026-04-08,043100,UNKNOWN,managed_issue,designated,kind,https://kind.krx.co.kr/investwarn/adminissue.do?method=searchAdminIssueList,_report/raw/2026/2026-07-08/kind/status-source-probe/managed_issue.xls,high,"snapshot=managed_issue; 종목명=알파AI; 지정사유=회생절차 개시신청,상장폐지사유 발생"
2026-04-08,276040,UNKNOWN,managed_issue,designated,kind,https://kind.krx.co.kr/investwarn/adminissue.do?method=searchAdminIssueList,_report/raw/2026/2026-07-08/kind/status-source-probe/managed_issue.xls,high,"snapshot=managed_issue; 종목명=스코넥; 지정사유=파산신청,상장폐지사유 발생"
2026-04-08,393970,UNKNOWN,managed_issue,designated,kind,https://kind.krx.co.kr/investwarn/adminissue.do?method=searchAdminIssueList,_report/raw/2026/2026-07-08/kind/status-source-probe/managed_issue.xls,high,"snapshot=managed_issue; 종목명=대진첨단소재; 지정사유=상장폐지사유 발생,상장적격성 실질심사 대상 결정"
2026-04-13,340930,UNKNOWN,managed_issue,designated,kind,https://kind.krx.co.kr/investwarn/adminissue.do?method=searchAdminIssueList,_report/raw/2026/2026-07-08/kind/status-source-probe/managed_issue.xls,high,"snapshot=managed_issue; 종목명=성원에너텍; 지정사유=회생절차 개시신청,상장폐지사유 발생"
2026-04-15,455310,UNKNOWN,delisting,delisted,kind,https://kind.krx.co.kr/investwarn/delcompany.do?method=searchDelCompanyMain,_report/raw/2026/2026-07-08/kind/status-source-probe/delisted_company.xls,high,snapshot=delisted_company; 회사명=한화플러스제4호스팩; 폐지사유=합병상장예비심사신청서 미제출로 관리종목 지정 후 1개월 이내 동 사유 미해소
2026-04-15,457630,UNKNOWN,delisting,delisted,kind,https://kind.krx.co.kr/investwarn/delcompany.do?method=searchDelCompanyMain,_report/raw/2026/2026-07-08/kind/status-source-probe/delisted_company.xls,high,snapshot=delisted_company; 회사명=대신밸런스제16호스팩; 폐지사유=상장예비심사신청서 미제출 등으로 관리종목으로 지정된 날부터 1개월 이내 동 사유 미해소
2026-04-16,024830,UNKNOWN,managed_issue,designated,kind,https://kind.krx.co.kr/investwarn/adminissue.do?method=searchAdminIssueList,_report/raw/2026/2026-07-08/kind/status-source-probe/managed_issue.xls,high,snapshot=managed_issue; 종목명=세원물산; 지정사유=주식분산기준미달
2026-04-16,032960,UNKNOWN,managed_issue,designated,kind,https://kind.krx.co.kr/investwarn/adminissue.do?method=searchAdminIssueList,_report/raw/2026/2026-07-08/kind/status-source-probe/managed_issue.xls,high,snapshot=managed_issue; 종목명=동일기연; 지정사유=주식분산기준미달
2026-04-16,138490,UNKNOWN,delisting,delisted,kind,https://kind.krx.co.kr/investwarn/delcompany.do?method=searchDelCompanyMain,_report/raw/2026/2026-07-08/kind/status-source-probe/delisted_company.xls,high,snapshot=delisted_company; 회사명=코오롱ENP; 폐지사유=해산 사유 발생
2026-04-20,106080,UNKNOWN,managed_issue,designated,kind,https://kind.krx.co.kr/investwarn/adminissue.do?method=searchAdminIssueList,_report/raw/2026/2026-07-08/kind/status-source-probe/managed_issue.xls,high,snapshot=managed_issue; 종목명=케이이엠텍; 지정사유=상장폐지사유 발생
2026-04-21,452670,UNKNOWN,delisting,delisted,kind,https://kind.krx.co.kr/investwarn/delcompany.do?method=searchDelCompanyMain,_report/raw/2026/2026-07-08/kind/status-source-probe/delisted_company.xls,high,snapshot=delisted_company; 회사명=상상인제4호스팩; 폐지사유=상장예비심사신청서 미제출 등으로 관리종목으로 지정된 날부터 1개월 이내 동 사유 미해소
2026-05-04,152550,UNKNOWN,delisting,delisted,kind,https://kind.krx.co.kr/investwarn/delcompany.do?method=searchDelCompanyMain,_report/raw/2026/2026-07-08/kind/status-source-probe/delisted_company.xls,high,snapshot=delisted_company; 회사명=한국ANKOR유전; 폐지사유=해산 사유 발생
2026-05-07,452980,UNKNOWN,delisting,delisted,kind,https://kind.krx.co.kr/investwarn/delcompany.do?method=searchDelCompanyMain,_report/raw/2026/2026-07-08/kind/status-source-probe/delisted_company.xls,high,snapshot=delisted_company; 회사명=신한제11호스팩; 폐지사유=합병상장예비심사신청서 미제출로 관리종목 지정 후 1개월 이내 동 사유 미해소
2026-05-08,139050,UNKNOWN,delisting,delisted,kind,https://kind.krx.co.kr/investwarn/delcompany.do?method=searchDelCompanyMain,_report/raw/2026/2026-07-08/kind/status-source-probe/delisted_company.xls,high,snapshot=delisted_company; 회사명=BF랩스; 폐지사유=감사의견 거절(감사범위 제한)
2026-05-08,217620,UNKNOWN,delisting,delisted,kind,https://kind.krx.co.kr/investwarn/delcompany.do?method=searchDelCompanyMain,_report/raw/2026/2026-07-08/kind/status-source-probe/delisted_company.xls,high,snapshot=delisted_company; 회사명=선샤인푸드; 폐지사유=감사의견 거절(감사범위 제한 및 계속기업 존속능력 불확실성)
2026-05-14,368030,UNKNOWN,delisting,delisted,kind,https://kind.krx.co.kr/investwarn/delcompany.do?method=searchDelCompanyMain,_report/raw/2026/2026-07-08/kind/status-source-probe/delisted_company.xls,high,snapshot=delisted_company; 회사명=창대정밀; 폐지사유=감사의견 한정(감사범위 제한)
2026-05-18,348950,UNKNOWN,managed_issue,designated,kind,https://kind.krx.co.kr/investwarn/adminissue.do?method=searchAdminIssueList,_report/raw/2026/2026-07-08/kind/status-source-probe/managed_issue.xls,high,"snapshot=managed_issue; 종목명=제이알글로벌리츠; 지정사유=반기검토의견 의견거절,회생절차개시신청"
2026-05-19,462020,UNKNOWN,delisting,delisted,kind,https://kind.krx.co.kr/investwarn/delcompany.do?method=searchDelCompanyMain,_report/raw/2026/2026-07-08/kind/status-source-probe/delisted_company.xls,high,snapshot=delisted_company; 회사명=에이치엠씨제6호스팩; 폐지사유=상장예비심사 청구서 미제출로 관리종목 지정 후 1개월 이내 동사유 미해소
2026-05-19,466910,UNKNOWN,delisting,delisted,kind,https://kind.krx.co.kr/investwarn/delcompany.do?method=searchDelCompanyMain,_report/raw/2026/2026-07-08/kind/status-source-probe/delisted_company.xls,high,snapshot=delisted_company; 회사명=엔에이치스팩30호; 폐지사유=피흡수합병(스팩소멸합병)
2026-05-20,149300,UNKNOWN,delisting,delisted,kind,https://kind.krx.co.kr/investwarn/delcompany.do?method=searchDelCompanyMain,_report/raw/2026/2026-07-08/kind/status-source-probe/delisted_company.xls,high,snapshot=delisted_company; 회사명=아퓨어스; 폐지사유=감사의견 의견거절
2026-06-01,257990,UNKNOWN,delisting,delisted,kind,https://kind.krx.co.kr/investwarn/delcompany.do?method=searchDelCompanyMain,_report/raw/2026/2026-07-08/kind/status-source-probe/delisted_company.xls,high,snapshot=delisted_company; 회사명=나우코스; 폐지사유=타법인의 완전자회사로 편입
2026-06-05,121850,UNKNOWN,managed_issue,designated,kind,https://kind.krx.co.kr/investwarn/adminissue.do?method=searchAdminIssueList,_report/raw/2026/2026-07-08/kind/status-source-probe/managed_issue.xls,high,snapshot=managed_issue; 종목명=코이즈; 지정사유=시가총액 미달
2026-06-05,230980,UNKNOWN,delisting,delisted,kind,https://kind.krx.co.kr/investwarn/delcompany.do?method=searchDelCompanyMain,_report/raw/2026/2026-07-08/kind/status-source-probe/delisted_company.xls,high,snapshot=delisted_company; 회사명=비유테크놀러지; 폐지사유=감사의견 거절(감사범위 제한 및 계속기업 존속능력 불확실성)
2026-06-09,464680,UNKNOWN,delisting,delisted,kind,https://kind.krx.co.kr/investwarn/delcompany.do?method=searchDelCompanyMain,_report/raw/2026/2026-07-08/kind/status-source-probe/delisted_company.xls,high,snapshot=delisted_company; 회사명=KB제27호스팩; 폐지사유=상장예비심사신청서 미제출 등으로 관리종목으로 지정된 날부터 1개월 이내 동 사유 미해소
2026-06-10,140910,UNKNOWN,delisting,delisted,kind,https://kind.krx.co.kr/investwarn/delcompany.do?method=searchDelCompanyMain,_report/raw/2026/2026-07-08/kind/status-source-probe/delisted_company.xls,high,"snapshot=delisted_company; 회사명=에이리츠; 폐지사유=기업의 계속성, 경영의 투명성 및 기타 공익과 투자자 보호 등을 종합적으로 고려하여 상장폐지 기준에 해당한다고 결정"
2026-06-10,451700,UNKNOWN,delisting,delisted,kind,https://kind.krx.co.kr/investwarn/delcompany.do?method=searchDelCompanyMain,_report/raw/2026/2026-07-08/kind/status-source-probe/delisted_company.xls,high,snapshot=delisted_company; 회사명=엔에이치스팩29호; 폐지사유=피흡수합병(스팩소멸합병)
2026-06-12,204210,UNKNOWN,delisting,delisted,kind,https://kind.krx.co.kr/investwarn/delcompany.do?method=searchDelCompanyMain,_report/raw/2026/2026-07-08/kind/status-source-probe/delisted_company.xls,high,"snapshot=delisted_company; 회사명=JK리버스톤리츠; 폐지사유=기업의 계속성, 경영의 투명성 및 기타 공익과 투자자 보호 등을 종합적으로 고려하여 상장폐지 기준에 해당한다고 결정"
2026-06-15,467930,UNKNOWN,managed_issue,designated,kind,https://kind.krx.co.kr/investwarn/adminissue.do?method=searchAdminIssueList,_report/raw/2026/2026-07-08/kind/status-source-probe/managed_issue.xls,high,snapshot=managed_issue; 종목명=IBKS제23호스팩; 지정사유=SPAC 상장예비심사청구서 미제출 등
2026-06-16,036420,UNKNOWN,managed_issue,designated,kind,https://kind.krx.co.kr/investwarn/adminissue.do?method=searchAdminIssueList,_report/raw/2026/2026-07-08/kind/status-source-probe/managed_issue.xls,high,snapshot=managed_issue; 종목명=콘텐트리중앙; 지정사유=회생절차개시신청
2026-06-18,073190,UNKNOWN,managed_issue,designated,kind,https://kind.krx.co.kr/investwarn/adminissue.do?method=searchAdminIssueList,_report/raw/2026/2026-07-08/kind/status-source-probe/managed_issue.xls,high,snapshot=managed_issue; 종목명=듀오백; 지정사유=시가총액 미달
2026-06-18,464440,UNKNOWN,delisting,delisted,kind,https://kind.krx.co.kr/investwarn/delcompany.do?method=searchDelCompanyMain,_report/raw/2026/2026-07-08/kind/status-source-probe/delisted_company.xls,high,snapshot=delisted_company; 회사명=한국제13호스팩; 폐지사유=상장예비심사신청서 미제출 등으로 관리종목으로 지정된 날부터 1개월 이내 동 사유 미해소
2026-06-18,469880,UNKNOWN,managed_issue,designated,kind,https://kind.krx.co.kr/investwarn/adminissue.do?method=searchAdminIssueList,_report/raw/2026/2026-07-08/kind/status-source-probe/managed_issue.xls,high,snapshot=managed_issue; 종목명=하나30호스팩; 지정사유=SPAC 상장예비심사청구서 미제출 등
2026-06-24,079650,UNKNOWN,market_alert,risk,kind,https://kind.krx.co.kr/investwarn/investattentwarnrisky.do?method=investattentwarnriskyMain,_report/raw/2026/2026-07-08/kind/status-source-probe/market_alert_risk.xls,high,snapshot=market_alert_risk; 종목명=서산; 공시일=2026-06-23
2026-06-26,001770,UNKNOWN,managed_issue,designated,kind,https://kind.krx.co.kr/investwarn/adminissue.do?method=searchAdminIssueList,_report/raw/2026/2026-07-08/kind/status-source-probe/managed_issue.xls,high,snapshot=managed_issue; 종목명=SHD; 지정사유=시가총액 미달
2026-06-26,069920,UNKNOWN,managed_issue,designated,kind,https://kind.krx.co.kr/investwarn/adminissue.do?method=searchAdminIssueList,_report/raw/2026/2026-07-08/kind/status-source-probe/managed_issue.xls,high,snapshot=managed_issue; 종목명=엑시온그룹; 지정사유=시가총액 미달
2026-06-30,001210,UNKNOWN,market_alert,warning,kind,https://kind.krx.co.kr/investwarn/investattentwarnrisky.do?method=investattentwarnriskyMain,_report/raw/2026/2026-07-08/kind/status-source-probe/market_alert_warning.xls,high,snapshot=market_alert_warning; 종목명=금호전기; 공시일=2026-06-29
2026-06-30,002995,UNKNOWN,market_alert,warning,kind,https://kind.krx.co.kr/investwarn/investattentwarnrisky.do?method=investattentwarnriskyMain,_report/raw/2026/2026-07-08/kind/status-source-probe/market_alert_warning.xls,high,snapshot=market_alert_warning; 종목명=금호건설우; 공시일=2026-06-29
2026-06-30,008500,UNKNOWN,delisting,delisted,kind,https://kind.krx.co.kr/investwarn/delcompany.do?method=searchDelCompanyMain,_report/raw/2026/2026-07-08/kind/status-source-probe/delisted_company.xls,high,snapshot=delisted_company; 회사명=일정실업; 폐지사유=시가총액 미달
2026-06-30,091590,UNKNOWN,market_alert,warning,kind,https://kind.krx.co.kr/investwarn/investattentwarnrisky.do?method=investattentwarnriskyMain,_report/raw/2026/2026-07-08/kind/status-source-probe/market_alert_warning.xls,high,snapshot=market_alert_warning; 종목명=남화토건; 공시일=2026-06-29
2026-06-30,122350,UNKNOWN,market_alert,warning,kind,https://kind.krx.co.kr/investwarn/investattentwarnrisky.do?method=investattentwarnriskyMain,_report/raw/2026/2026-07-08/kind/status-source-probe/market_alert_warning.xls,high,snapshot=market_alert_warning; 종목명=삼기; 공시일=2026-06-29
2026-06-30,230360,UNKNOWN,delisting,delisted,kind,https://kind.krx.co.kr/investwarn/delcompany.do?method=searchDelCompanyMain,_report/raw/2026/2026-07-08/kind/status-source-probe/delisted_company.xls,high,snapshot=delisted_company; 회사명=에코마케팅; 폐지사유=타법인의 완전자회사로 편입
2026-06-30,458870,UNKNOWN,market_alert,warning,kind,https://kind.krx.co.kr/investwarn/investattentwarnrisky.do?method=investattentwarnriskyMain,_report/raw/2026/2026-07-08/kind/status-source-probe/market_alert_warning.xls,high,snapshot=market_alert_warning; 종목명=씨어스; 공시일=2026-06-29
2026-07-01,002990,UNKNOWN,market_alert,warning,kind,https://kind.krx.co.kr/investwarn/investattentwarnrisky.do?method=investattentwarnriskyMain,_report/raw/2026/2026-07-08/kind/status-source-probe/market_alert_warning.xls,high,snapshot=market_alert_warning; 종목명=금호건설; 공시일=2026-06-30
2026-07-01,032685,UNKNOWN,managed_issue,designated,kind,https://kind.krx.co.kr/investwarn/adminissue.do?method=searchAdminIssueList,_report/raw/2026/2026-07-08/kind/status-source-probe/managed_issue.xls,high,"snapshot=managed_issue; 종목명=소프트센우; 지정사유=종류주식의 거래량 요건 미달,종류주식의 상장주식수 요건 미달"
2026-07-01,032980,UNKNOWN,delisting,delisted,kind,https://kind.krx.co.kr/investwarn/delcompany.do?method=searchDelCompanyMain,_report/raw/2026/2026-07-08/kind/status-source-probe/delisted_company.xls,high,snapshot=delisted_company; 회사명=바이온; 폐지사유=기업의 계속성 및 경영의 투명성 등을 종합적으로 고려하여 상장폐지기준에 해당한다고 결정
2026-07-01,064850,UNKNOWN,market_alert,warning,kind,https://kind.krx.co.kr/investwarn/investattentwarnrisky.do?method=investattentwarnriskyMain,_report/raw/2026/2026-07-08/kind/status-source-probe/market_alert_warning.xls,high,snapshot=market_alert_warning; 종목명=에프앤가이드; 공시일=2026-06-30
2026-07-01,065170,UNKNOWN,market_alert,warning,kind,https://kind.krx.co.kr/investwarn/investattentwarnrisky.do?method=investattentwarnriskyMain,_report/raw/2026/2026-07-08/kind/status-source-probe/market_alert_warning.xls,high,snapshot=market_alert_warning; 종목명=비엘팜텍; 공시일=2026-06-30
2026-07-01,101390,UNKNOWN,delisting,delisted,kind,https://kind.krx.co.kr/investwarn/delcompany.do?method=searchDelCompanyMain,_report/raw/2026/2026-07-08/kind/status-source-probe/delisted_company.xls,high,snapshot=delisted_company; 회사명=아이엠; 폐지사유=기업의 계속성 및 경영의 투명성 등을 종합적으로 고려하여 상장폐지기준에 해당한다고 결정
2026-07-01,106520,UNKNOWN,delisting,delisted,kind,https://kind.krx.co.kr/investwarn/delcompany.do?method=searchDelCompanyMain,_report/raw/2026/2026-07-08/kind/status-source-probe/delisted_company.xls,high,snapshot=delisted_company; 회사명=노블엠앤비; 폐지사유=감사의견 거절(계속기업 존속능력 불확실성)
2026-07-01,127120,UNKNOWN,market_alert,warning,kind,https://kind.krx.co.kr/investwarn/investattentwarnrisky.do?method=investattentwarnriskyMain,_report/raw/2026/2026-07-08/kind/status-source-probe/market_alert_warning.xls,high,snapshot=market_alert_warning; 종목명=제이에스링크; 공시일=2026-06-30
2026-07-01,227100,UNKNOWN,delisting,delisted,kind,https://kind.krx.co.kr/investwarn/delcompany.do?method=searchDelCompanyMain,_report/raw/2026/2026-07-08/kind/status-source-probe/delisted_company.xls,high,snapshot=delisted_company; 회사명=프로브잇; 폐지사유=기업의 계속성 및 경영의 투명성 등을 종합적으로 고려하여 상장폐지기준에 해당한다고 결정
2026-07-01,228340,UNKNOWN,market_alert,warning,kind,https://kind.krx.co.kr/investwarn/investattentwarnrisky.do?method=investattentwarnriskyMain,_report/raw/2026/2026-07-08/kind/status-source-probe/market_alert_warning.xls,high,snapshot=market_alert_warning; 종목명=동양파일; 공시일=2026-06-30
2026-07-01,270520,UNKNOWN,market_alert,warning,kind,https://kind.krx.co.kr/investwarn/investattentwarnrisky.do?method=investattentwarnriskyMain,_report/raw/2026/2026-07-08/kind/status-source-probe/market_alert_warning.xls,high,snapshot=market_alert_warning; 종목명=앱튼; 공시일=2026-06-30
2026-07-01,373790,UNKNOWN,managed_issue,designated,kind,https://kind.krx.co.kr/investwarn/adminissue.do?method=searchAdminIssueList,_report/raw/2026/2026-07-08/kind/status-source-probe/managed_issue.xls,high,snapshot=managed_issue; 종목명=KIWOOM 미국방어배당성장나스닥; 지정사유=ETF 신탁원본액 및 순자산총액이 50억원 미만(반기말 현재)
2026-07-01,397420,UNKNOWN,managed_issue,designated,kind,https://kind.krx.co.kr/investwarn/adminissue.do?method=searchAdminIssueList,_report/raw/2026/2026-07-08/kind/status-source-probe/managed_issue.xls,high,snapshot=managed_issue; 종목명=RISE 국채선물5년추종; 지정사유=ETF 신탁원본액 및 순자산총액이 50억원 미만(반기말 현재)
2026-07-01,424460,UNKNOWN,managed_issue,designated,kind,https://kind.krx.co.kr/investwarn/adminissue.do?method=searchAdminIssueList,_report/raw/2026/2026-07-08/kind/status-source-probe/managed_issue.xls,high,snapshot=managed_issue; 종목명=HANARO 글로벌워터MSCI(합성); 지정사유=ETF 신탁원본액 및 순자산총액이 50억원 미만(반기말 현재)
2026-07-01,454180,UNKNOWN,managed_issue,designated,kind,https://kind.krx.co.kr/investwarn/adminissue.do?method=searchAdminIssueList,_report/raw/2026/2026-07-08/kind/status-source-probe/managed_issue.xls,high,snapshot=managed_issue; 종목명=KIWOOM 차이나내수소비TOP CSI; 지정사유=ETF 신탁원본액 및 순자산총액이 50억원 미만(반기말 현재)
2026-07-01,489010,UNKNOWN,managed_issue,designated,kind,https://kind.krx.co.kr/investwarn/adminissue.do?method=searchAdminIssueList,_report/raw/2026/2026-07-08/kind/status-source-probe/managed_issue.xls,high,snapshot=managed_issue; 종목명=PLUS 글로벌AI인프라; 지정사유=ETF 신탁원본액 및 순자산총액이 50억원 미만(반기말 현재)
2026-07-03,008290,UNKNOWN,managed_issue,designated,kind,https://kind.krx.co.kr/investwarn/adminissue.do?method=searchAdminIssueList,_report/raw/2026/2026-07-08/kind/status-source-probe/managed_issue.xls,high,snapshot=managed_issue; 종목명=원풍물산; 지정사유=시가총액 미달
2026-07-06,092590,UNKNOWN,market_alert,warning,kind,https://kind.krx.co.kr/investwarn/investattentwarnrisky.do?method=investattentwarnriskyMain,_report/raw/2026/2026-07-08/kind/status-source-probe/market_alert_warning.xls,high,snapshot=market_alert_warning; 종목명=럭스피아; 공시일=2026-07-03
2026-07-07,013360,UNKNOWN,market_alert,warning,kind,https://kind.krx.co.kr/investwarn/investattentwarnrisky.do?method=investattentwarnriskyMain,_report/raw/2026/2026-07-08/kind/status-source-probe/market_alert_warning.xls,high,snapshot=market_alert_warning; 종목명=일성건설; 공시일=2026-07-06
2026-07-07,222160,UNKNOWN,delisting,delisted,kind,https://kind.krx.co.kr/investwarn/delcompany.do?method=searchDelCompanyMain,_report/raw/2026/2026-07-08/kind/status-source-probe/delisted_company.xls,high,snapshot=delisted_company; 회사명=NPX; 폐지사유=기업의 계속성 및 경영의 투명성 등을 종합적으로 고려하여 상장폐지기준에 해당한다고 결정
2026-07-08,000040,UNKNOWN,trading_halt,halted,kind,https://kind.krx.co.kr/investwarn/tradinghaltissue.do?method=searchTradingHaltIssueMain,_report/raw/2026/2026-07-08/kind/status-source-probe/trading_halt.xls,medium,"snapshot=trading_halt; 종목명=KR모터스; 사유=주식의 병합, 분할 등 전자등록 변경, 말소"
2026-07-08,000300,UNKNOWN,trading_halt,halted,kind,https://kind.krx.co.kr/investwarn/tradinghaltissue.do?method=searchTradingHaltIssueMain,_report/raw/2026/2026-07-08/kind/status-source-probe/trading_halt.xls,medium,snapshot=trading_halt; 종목명=DH오토넥스; 사유=기타공익과투자자보호및시장관리상
2026-07-08,000890,UNKNOWN,market_alert,caution,kind,https://kind.krx.co.kr/investwarn/investattentwarnrisky.do?method=investattentwarnriskyMain,_report/raw/2026/2026-07-08/kind/status-source-probe/market_alert_caution.xls,high,snapshot=market_alert_caution; 종목명=보해양조; 유형=투자경고 지정해제; 공시일=2026-07-07
2026-07-08,001420,UNKNOWN,market_alert,caution,kind,https://kind.krx.co.kr/investwarn/investattentwarnrisky.do?method=investattentwarnriskyMain,_report/raw/2026/2026-07-08/kind/status-source-probe/market_alert_caution.xls,high,snapshot=market_alert_caution; 종목명=태원물산; 유형=소수지점/계좌; 공시일=2026-07-07
2026-07-08,001470,UNKNOWN,trading_halt,halted,kind,https://kind.krx.co.kr/investwarn/tradinghaltissue.do?method=searchTradingHaltIssueMain,_report/raw/2026/2026-07-08/kind/status-source-probe/trading_halt.xls,medium,"snapshot=trading_halt; 종목명=삼부토건; 사유=감사의견거절(발행ELW, 발행ETN 포함)"
2026-07-08,001520,UNKNOWN,trading_halt,halted,kind,https://kind.krx.co.kr/investwarn/tradinghaltissue.do?method=searchTradingHaltIssueMain,_report/raw/2026/2026-07-08/kind/status-source-probe/trading_halt.xls,medium,"snapshot=trading_halt; 종목명=동양; 사유=주식의 병합, 분할 등 전자등록 변경, 말소"
2026-07-08,001525,UNKNOWN,trading_halt,halted,kind,https://kind.krx.co.kr/investwarn/tradinghaltissue.do?method=searchTradingHaltIssueMain,_report/raw/2026/2026-07-08/kind/status-source-probe/trading_halt.xls,medium,"snapshot=trading_halt; 종목명=동양우; 사유=주식의 병합, 분할 등 전자등록 변경, 말소"
2026-07-08,001527,UNKNOWN,trading_halt,halted,kind,https://kind.krx.co.kr/investwarn/tradinghaltissue.do?method=searchTradingHaltIssueMain,_report/raw/2026/2026-07-08/kind/status-source-probe/trading_halt.xls,medium,"snapshot=trading_halt; 종목명=동양2우B; 사유=주식의 병합, 분할 등 전자등록 변경, 말소"
2026-07-08,001570,UNKNOWN,trading_halt,halted,kind,https://kind.krx.co.kr/investwarn/tradinghaltissue.do?method=searchTradingHaltIssueMain,_report/raw/2026/2026-07-08/kind/status-source-probe/trading_halt.xls,medium,"snapshot=trading_halt; 종목명=금양; 사유=감사의견거절(발행ELW, 발행ETN 포함)"
2026-07-08,001840,UNKNOWN,trading_halt,halted,kind,https://kind.krx.co.kr/investwarn/tradinghaltissue.do?method=searchTradingHaltIssueMain,_report/raw/2026/2026-07-08/kind/status-source-probe/trading_halt.xls,medium,snapshot=trading_halt; 종목명=이화공영; 사유=상장폐지 사유발생
2026-07-08,002210,UNKNOWN,trading_halt,halted,kind,https://kind.krx.co.kr/investwarn/tradinghaltissue.do?method=searchTradingHaltIssueMain,_report/raw/2026/2026-07-08/kind/status-source-probe/trading_halt.xls,medium,snapshot=trading_halt; 종목명=동성제약; 사유=풍문등관련주가및거래량급변
2026-07-08,002410,UNKNOWN,trading_halt,halted,kind,https://kind.krx.co.kr/investwarn/tradinghaltissue.do?method=searchTradingHaltIssueMain,_report/raw/2026/2026-07-08/kind/status-source-probe/trading_halt.xls,medium,"snapshot=trading_halt; 종목명=범양건영; 사유=감사의견거절(발행ELW, 발행ETN 포함)"
2026-07-08,002680,UNKNOWN,trading_halt,halted,kind,https://kind.krx.co.kr/investwarn/tradinghaltissue.do?method=searchTradingHaltIssueMain,_report/raw/2026/2026-07-08/kind/status-source-probe/trading_halt.xls,medium,"snapshot=trading_halt; 종목명=한탑; 사유=주식의 병합, 분할 등 전자등록 변경, 말소"
2026-07-08,004870,UNKNOWN,trading_halt,halted,kind,https://kind.krx.co.kr/investwarn/tradinghaltissue.do?method=searchTradingHaltIssueMain,_report/raw/2026/2026-07-08/kind/status-source-probe/trading_halt.xls,medium,"snapshot=trading_halt; 종목명=티웨이홀딩스; 사유=주식의 병합, 분할 등 전자등록 변경, 말소"
2026-07-08,005030,UNKNOWN,trading_halt,halted,kind,https://kind.krx.co.kr/investwarn/tradinghaltissue.do?method=searchTradingHaltIssueMain,_report/raw/2026/2026-07-08/kind/status-source-probe/trading_halt.xls,medium,snapshot=trading_halt; 종목명=부산주공; 사유=기타공익과투자자보호및시장관리상
2026-07-08,005110,UNKNOWN,trading_halt,halted,kind,https://kind.krx.co.kr/investwarn/tradinghaltissue.do?method=searchTradingHaltIssueMain,_report/raw/2026/2026-07-08/kind/status-source-probe/trading_halt.xls,medium,"snapshot=trading_halt; 종목명=한창; 사유=기타 시장관리상(신주인수권증권 및 증서 제외)(발행ELW, 발행ETN 포함)"
2026-07-08,006380,UNKNOWN,trading_halt,halted,kind,https://kind.krx.co.kr/investwarn/tradinghaltissue.do?method=searchTradingHaltIssueMain,_report/raw/2026/2026-07-08/kind/status-source-probe/trading_halt.xls,medium,snapshot=trading_halt; 종목명=카프로; 사유=기타공익과투자자보호및시장관리상
2026-07-08,006490,UNKNOWN,trading_halt,halted,kind,https://kind.krx.co.kr/investwarn/tradinghaltissue.do?method=searchTradingHaltIssueMain,_report/raw/2026/2026-07-08/kind/status-source-probe/trading_halt.xls,medium,"snapshot=trading_halt; 종목명=프리티; 사유=주식의 병합, 분할 등 전자등록 변경, 말소"
2026-07-08,007720,UNKNOWN,trading_halt,halted,kind,https://kind.krx.co.kr/investwarn/tradinghaltissue.do?method=searchTradingHaltIssueMain,_report/raw/2026/2026-07-08/kind/status-source-probe/trading_halt.xls,medium,"snapshot=trading_halt; 종목명=소노스퀘어; 사유=주식의 병합, 분할 등 전자등록 변경, 말소"
2026-07-08,008600,UNKNOWN,trading_halt,halted,kind,https://kind.krx.co.kr/investwarn/tradinghaltissue.do?method=searchTradingHaltIssueMain,_report/raw/2026/2026-07-08/kind/status-source-probe/trading_halt.xls,medium,"snapshot=trading_halt; 종목명=윌비스; 사유=감사의견거절(발행ELW, 발행ETN 포함)"
2026-07-08,009310,UNKNOWN,trading_halt,halted,kind,https://kind.krx.co.kr/investwarn/tradinghaltissue.do?method=searchTradingHaltIssueMain,_report/raw/2026/2026-07-08/kind/status-source-probe/trading_halt.xls,medium,snapshot=trading_halt; 종목명=참엔지니어링; 사유=기타공익과투자자보호
2026-07-08,009440,UNKNOWN,trading_halt,halted,kind,https://kind.krx.co.kr/investwarn/tradinghaltissue.do?method=searchTradingHaltIssueMain,_report/raw/2026/2026-07-08/kind/status-source-probe/trading_halt.xls,medium,"snapshot=trading_halt; 종목명=KC그린홀딩스; 사유=감사의견거절(발행ELW, 발행ETN 포함)"
2026-07-08,009730,UNKNOWN,trading_halt,halted,kind,https://kind.krx.co.kr/investwarn/tradinghaltissue.do?method=searchTradingHaltIssueMain,_report/raw/2026/2026-07-08/kind/status-source-probe/trading_halt.xls,medium,"snapshot=trading_halt; 종목명=이렘; 사유=주식의 병합, 분할 등 전자등록 변경, 말소"
2026-07-08,0099X0,UNKNOWN,trading_halt,halted,kind,https://kind.krx.co.kr/investwarn/tradinghaltissue.do?method=searchTradingHaltIssueMain,_report/raw/2026/2026-07-08/kind/status-source-probe/trading_halt.xls,medium,snapshot=trading_halt; 종목명=IBKS제25호스팩; 사유=SPAC 합병(예비심사청구대상)
2026-07-08,011000,UNKNOWN,trading_halt,halted,kind,https://kind.krx.co.kr/investwarn/tradinghaltissue.do?method=searchTradingHaltIssueMain,_report/raw/2026/2026-07-08/kind/status-source-probe/trading_halt.xls,medium,"snapshot=trading_halt; 종목명=진원생명과학; 사유=주식의 병합, 분할 등 전자등록 변경, 말소"
2026-07-08,011810,UNKNOWN,trading_halt,halted,kind,https://kind.krx.co.kr/investwarn/tradinghaltissue.do?method=searchTradingHaltIssueMain,_report/raw/2026/2026-07-08/kind/status-source-probe/trading_halt.xls,medium,snapshot=trading_halt; 종목명=STX; 사유=기타공익과투자자보호및시장관리상
2026-07-08,012170,UNKNOWN,market_alert,caution,kind,https://kind.krx.co.kr/investwarn/investattentwarnrisky.do?method=investattentwarnriskyMain,_report/raw/2026/2026-07-08/kind/status-source-probe/market_alert_caution.xls,high,snapshot=market_alert_caution; 종목명=아센디오; 유형=투자경고 지정예고; 공시일=2026-07-07
2026-07-08,012510,UNKNOWN,trading_halt,halted,kind,https://kind.krx.co.kr/investwarn/tradinghaltissue.do?method=searchTradingHaltIssueMain,_report/raw/2026/2026-07-08/kind/status-source-probe/trading_halt.xls,medium,"snapshot=trading_halt; 종목명=더존비즈온; 사유=주식의 병합, 분할 등 전자등록 변경, 말소"
2026-07-08,014990,UNKNOWN,market_alert,caution,kind,https://kind.krx.co.kr/investwarn/investattentwarnrisky.do?method=investattentwarnriskyMain,_report/raw/2026/2026-07-08/kind/status-source-probe/market_alert_caution.xls,high,snapshot=market_alert_caution; 종목명=인디에프; 유형=소수지점/계좌; 공시일=2026-07-07
2026-07-08,015020,UNKNOWN,trading_halt,halted,kind,https://kind.krx.co.kr/investwarn/tradinghaltissue.do?method=searchTradingHaltIssueMain,_report/raw/2026/2026-07-08/kind/status-source-probe/trading_halt.xls,medium,"snapshot=trading_halt; 종목명=이스타코; 사유=감사의견거절(발행ELW, 발행ETN 포함)"
2026-07-08,016790,UNKNOWN,trading_halt,halted,kind,https://kind.krx.co.kr/investwarn/tradinghaltissue.do?method=searchTradingHaltIssueMain,_report/raw/2026/2026-07-08/kind/status-source-probe/trading_halt.xls,medium,snapshot=trading_halt; 종목명=현대사료; 사유=투자자 보호
2026-07-08,017040,UNKNOWN,managed_issue,designated,kind,https://kind.krx.co.kr/investwarn/adminissue.do?method=searchAdminIssueList,_report/raw/2026/2026-07-08/kind/status-source-probe/managed_issue.xls,high,snapshot=managed_issue; 종목명=광명전기; 지정사유=상장폐지 사유의 발생
2026-07-08,017040,UNKNOWN,trading_halt,halted,kind,https://kind.krx.co.kr/investwarn/tradinghaltissue.do?method=searchTradingHaltIssueMain,_report/raw/2026/2026-07-08/kind/status-source-probe/trading_halt.xls,medium,"snapshot=trading_halt; 종목명=광명전기; 사유=감사의견거절(발행ELW, 발행ETN 포함)"
2026-07-08,019490,UNKNOWN,trading_halt,halted,kind,https://kind.krx.co.kr/investwarn/tradinghaltissue.do?method=searchTradingHaltIssueMain,_report/raw/2026/2026-07-08/kind/status-source-probe/trading_halt.xls,medium,snapshot=trading_halt; 종목명=엑시큐어하이트론; 사유=기타공익과투자자보호및시장관리상
2026-07-08,019570,UNKNOWN,trading_halt,halted,kind,https://kind.krx.co.kr/investwarn/tradinghaltissue.do?method=searchTradingHaltIssueMain,_report/raw/2026/2026-07-08/kind/status-source-probe/trading_halt.xls,medium,snapshot=trading_halt; 종목명=플루토스
2026-07-08,019685,UNKNOWN,market_alert,caution,kind,https://kind.krx.co.kr/investwarn/investattentwarnrisky.do?method=investattentwarnriskyMain,_report/raw/2026/2026-07-08/kind/status-source-probe/market_alert_caution.xls,high,snapshot=market_alert_caution; 종목명=대교우B; 유형=소수지점/계좌; 공시일=2026-07-07
2026-07-08,020760,UNKNOWN,trading_halt,halted,kind,https://kind.krx.co.kr/investwarn/tradinghaltissue.do?method=searchTradingHaltIssueMain,_report/raw/2026/2026-07-08/kind/status-source-probe/trading_halt.xls,medium,snapshot=trading_halt; 종목명=일진디스플; 사유=기타공익과투자자보호및시장관리상
2026-07-08,021880,UNKNOWN,trading_halt,halted,kind,https://kind.krx.co.kr/investwarn/tradinghaltissue.do?method=searchTradingHaltIssueMain,_report/raw/2026/2026-07-08/kind/status-source-probe/trading_halt.xls,medium,"snapshot=trading_halt; 종목명=메이슨캐피탈; 사유=주식의 병합, 분할 등 전자등록 변경, 말소"
2026-07-08,023440,UNKNOWN,trading_halt,halted,kind,https://kind.krx.co.kr/investwarn/tradinghaltissue.do?method=searchTradingHaltIssueMain,_report/raw/2026/2026-07-08/kind/status-source-probe/trading_halt.xls,medium,snapshot=trading_halt; 종목명=제이스코홀딩스; 사유=상장폐지 사유발생
2026-07-08,025560,UNKNOWN,trading_halt,halted,kind,https://kind.krx.co.kr/investwarn/tradinghaltissue.do?method=searchTradingHaltIssueMain,_report/raw/2026/2026-07-08/kind/status-source-probe/trading_halt.xls,medium,"snapshot=trading_halt; 종목명=미래산업; 사유=주식의 병합, 분할 등 전자등록 변경, 말소"
2026-07-08,030350,UNKNOWN,trading_halt,halted,kind,https://kind.krx.co.kr/investwarn/tradinghaltissue.do?method=searchTradingHaltIssueMain,_report/raw/2026/2026-07-08/kind/status-source-probe/trading_halt.xls,medium,snapshot=trading_halt; 종목명=드래곤플라이; 사유=상장적격성 실질심사 대상(사유발생)
2026-07-08,031860,UNKNOWN,trading_halt,halted,kind,https://kind.krx.co.kr/investwarn/tradinghaltissue.do?method=searchTradingHaltIssueMain,_report/raw/2026/2026-07-08/kind/status-source-probe/trading_halt.xls,medium,snapshot=trading_halt; 종목명=디에이치엑스컴퍼니; 사유=상장폐지 사유발생
2026-07-08,032960,UNKNOWN,trading_halt,halted,kind,https://kind.krx.co.kr/investwarn/tradinghaltissue.do?method=searchTradingHaltIssueMain,_report/raw/2026/2026-07-08/kind/status-source-probe/trading_halt.xls,medium,"snapshot=trading_halt; 종목명=동일기연; 사유=주식의 병합, 분할 등 전자등록 변경, 말소"
2026-07-08,036690,UNKNOWN,trading_halt,halted,kind,https://kind.krx.co.kr/investwarn/tradinghaltissue.do?method=searchTradingHaltIssueMain,_report/raw/2026/2026-07-08/kind/status-source-probe/trading_halt.xls,medium,snapshot=trading_halt; 종목명=코맥스; 사유=상장적격성 실질심사 대상(사유발생)
2026-07-08,041590,UNKNOWN,trading_halt,halted,kind,https://kind.krx.co.kr/investwarn/tradinghaltissue.do?method=searchTradingHaltIssueMain,_report/raw/2026/2026-07-08/kind/status-source-probe/trading_halt.xls,medium,snapshot=trading_halt; 종목명=플래스크; 사유=투자자 보호
2026-07-08,043090,UNKNOWN,trading_halt,halted,kind,https://kind.krx.co.kr/investwarn/tradinghaltissue.do?method=searchTradingHaltIssueMain,_report/raw/2026/2026-07-08/kind/status-source-probe/trading_halt.xls,medium,snapshot=trading_halt; 종목명=더테크놀로지; 사유=투자자 보호
2026-07-08,043100,UNKNOWN,trading_halt,halted,kind,https://kind.krx.co.kr/investwarn/tradinghaltissue.do?method=searchTradingHaltIssueMain,_report/raw/2026/2026-07-08/kind/status-source-probe/trading_halt.xls,medium,snapshot=trading_halt; 종목명=알파AI; 사유=상장폐지 사유발생
2026-07-08,043220,UNKNOWN,trading_halt,halted,kind,https://kind.krx.co.kr/investwarn/tradinghaltissue.do?method=searchTradingHaltIssueMain,_report/raw/2026/2026-07-08/kind/status-source-probe/trading_halt.xls,medium,snapshot=trading_halt; 종목명=티에스넥스젠; 사유=투자자 보호
2026-07-08,044180,UNKNOWN,trading_halt,halted,kind,https://kind.krx.co.kr/investwarn/tradinghaltissue.do?method=searchTradingHaltIssueMain,_report/raw/2026/2026-07-08/kind/status-source-probe/trading_halt.xls,medium,snapshot=trading_halt; 종목명=KD; 사유=상장폐지 사유발생
2026-07-08,046070,UNKNOWN,trading_halt,halted,kind,https://kind.krx.co.kr/investwarn/tradinghaltissue.do?method=searchTradingHaltIssueMain,_report/raw/2026/2026-07-08/kind/status-source-probe/trading_halt.xls,medium,snapshot=trading_halt; 종목명=코다코; 사유=투자자 보호
2026-07-08,049180,UNKNOWN,trading_halt,halted,kind,https://kind.krx.co.kr/investwarn/tradinghaltissue.do?method=searchTradingHaltIssueMain,_report/raw/2026/2026-07-08/kind/status-source-probe/trading_halt.xls,medium,snapshot=trading_halt; 종목명=셀루메드; 사유=상장폐지 사유발생
2026-07-08,051360,UNKNOWN,trading_halt,halted,kind,https://kind.krx.co.kr/investwarn/tradinghaltissue.do?method=searchTradingHaltIssueMain,_report/raw/2026/2026-07-08/kind/status-source-probe/trading_halt.xls,medium,"snapshot=trading_halt; 종목명=토비스; 사유=주식의 병합, 분할 등 전자등록 변경, 말소"
2026-07-08,052770,UNKNOWN,trading_halt,halted,kind,https://kind.krx.co.kr/investwarn/tradinghaltissue.do?method=searchTradingHaltIssueMain,_report/raw/2026/2026-07-08/kind/status-source-probe/trading_halt.xls,medium,snapshot=trading_halt; 종목명=아이톡시; 사유=상장폐지 사유발생
2026-07-08,054180,UNKNOWN,trading_halt,halted,kind,https://kind.krx.co.kr/investwarn/tradinghaltissue.do?method=searchTradingHaltIssueMain,_report/raw/2026/2026-07-08/kind/status-source-probe/trading_halt.xls,medium,snapshot=trading_halt; 종목명=메디콕스; 사유=상장폐지 사유발생
2026-07-08,057050,UNKNOWN,trading_halt,halted,kind,https://kind.krx.co.kr/investwarn/tradinghaltissue.do?method=searchTradingHaltIssueMain,_report/raw/2026/2026-07-08/kind/status-source-probe/trading_halt.xls,medium,"snapshot=trading_halt; 종목명=현대홈쇼핑; 사유=주식의 병합, 분할 등 전자등록 변경, 말소"
2026-07-08,058400,UNKNOWN,trading_halt,halted,kind,https://kind.krx.co.kr/investwarn/tradinghaltissue.do?method=searchTradingHaltIssueMain,_report/raw/2026/2026-07-08/kind/status-source-probe/trading_halt.xls,medium,"snapshot=trading_halt; 종목명=KNN; 사유=주식의 병합, 분할 등 전자등록 변경, 말소"
2026-07-08,060240,UNKNOWN,trading_halt,halted,kind,https://kind.krx.co.kr/investwarn/tradinghaltissue.do?method=searchTradingHaltIssueMain,_report/raw/2026/2026-07-08/kind/status-source-probe/trading_halt.xls,medium,snapshot=trading_halt; 종목명=스타코링크; 사유=투자자 보호
2026-07-08,064090,UNKNOWN,trading_halt,halted,kind,https://kind.krx.co.kr/investwarn/tradinghaltissue.do?method=searchTradingHaltIssueMain,_report/raw/2026/2026-07-08/kind/status-source-probe/trading_halt.xls,medium,snapshot=trading_halt; 종목명=인크레더블버즈; 사유=투자자 보호
2026-07-08,065060,UNKNOWN,market_alert,caution,kind,https://kind.krx.co.kr/investwarn/investattentwarnrisky.do?method=investattentwarnriskyMain,_report/raw/2026/2026-07-08/kind/status-source-probe/market_alert_caution.xls,high,snapshot=market_alert_caution; 종목명=지엔코; 유형=소수지점/계좌; 공시일=2026-07-07
2026-07-08,065150,UNKNOWN,trading_halt,halted,kind,https://kind.krx.co.kr/investwarn/tradinghaltissue.do?method=searchTradingHaltIssueMain,_report/raw/2026/2026-07-08/kind/status-source-probe/trading_halt.xls,medium,snapshot=trading_halt; 종목명=대산F&B; 사유=상장적격성 실질심사 대상(사유발생)
2026-07-08,065420,UNKNOWN,trading_halt,halted,kind,https://kind.krx.co.kr/investwarn/tradinghaltissue.do?method=searchTradingHaltIssueMain,_report/raw/2026/2026-07-08/kind/status-source-probe/trading_halt.xls,medium,snapshot=trading_halt; 종목명=에스아이리소스; 사유=조회공시 신고시한 위반
2026-07-08,065570,UNKNOWN,trading_halt,halted,kind,https://kind.krx.co.kr/investwarn/tradinghaltissue.do?method=searchTradingHaltIssueMain,_report/raw/2026/2026-07-08/kind/status-source-probe/trading_halt.xls,medium,snapshot=trading_halt; 종목명=삼영이엔씨; 사유=상장폐지 사유발생
2026-07-08,066410,UNKNOWN,trading_halt,halted,kind,https://kind.krx.co.kr/investwarn/tradinghaltissue.do?method=searchTradingHaltIssueMain,_report/raw/2026/2026-07-08/kind/status-source-probe/trading_halt.xls,medium,snapshot=trading_halt; 종목명=버킷스튜디오; 사유=상장적격성 실질심사 대상(사유발생)
2026-07-08,066790,UNKNOWN,trading_halt,halted,kind,https://kind.krx.co.kr/investwarn/tradinghaltissue.do?method=searchTradingHaltIssueMain,_report/raw/2026/2026-07-08/kind/status-source-probe/trading_halt.xls,medium,snapshot=trading_halt; 종목명=씨씨에스; 사유=상장폐지 사유발생
2026-07-08,067290,UNKNOWN,market_alert,caution,kind,https://kind.krx.co.kr/investwarn/investattentwarnrisky.do?method=investattentwarnriskyMain,_report/raw/2026/2026-07-08/kind/status-source-probe/market_alert_caution.xls,high,snapshot=market_alert_caution; 종목명=JW신약; 유형=투자경고 지정해제; 공시일=2026-07-07
2026-07-08,068240,UNKNOWN,trading_halt,halted,kind,https://kind.krx.co.kr/investwarn/tradinghaltissue.do?method=searchTradingHaltIssueMain,_report/raw/2026/2026-07-08/kind/status-source-probe/trading_halt.xls,medium,snapshot=trading_halt; 종목명=다원시스; 사유=상장적격성 실질심사 대상(사유발생)
2026-07-08,068940,UNKNOWN,trading_halt,halted,kind,https://kind.krx.co.kr/investwarn/tradinghaltissue.do?method=searchTradingHaltIssueMain,_report/raw/2026/2026-07-08/kind/status-source-probe/trading_halt.xls,medium,snapshot=trading_halt; 종목명=셀피글로벌; 사유=투자자 보호
2026-07-08,069460,UNKNOWN,trading_halt,halted,kind,https://kind.krx.co.kr/investwarn/tradinghaltissue.do?method=searchTradingHaltIssueMain,_report/raw/2026/2026-07-08/kind/status-source-probe/trading_halt.xls,medium,"snapshot=trading_halt; 종목명=대호에이엘; 사유=감사의견거절(발행ELW, 발행ETN 포함)"
2026-07-08,073190,UNKNOWN,market_alert,caution,kind,https://kind.krx.co.kr/investwarn/investattentwarnrisky.do?method=investattentwarnriskyMain,_report/raw/2026/2026-07-08/kind/status-source-probe/market_alert_caution.xls,high,snapshot=market_alert_caution; 종목명=듀오백; 유형=소수지점/계좌; 공시일=2026-07-07
2026-07-08,073640,UNKNOWN,trading_halt,halted,kind,https://kind.krx.co.kr/investwarn/tradinghaltissue.do?method=searchTradingHaltIssueMain,_report/raw/2026/2026-07-08/kind/status-source-probe/trading_halt.xls,medium,snapshot=trading_halt; 종목명=테라사이언스; 사유=투자자 보호
2026-07-08,074610,UNKNOWN,trading_halt,halted,kind,https://kind.krx.co.kr/investwarn/tradinghaltissue.do?method=searchTradingHaltIssueMain,_report/raw/2026/2026-07-08/kind/status-source-probe/trading_halt.xls,medium,snapshot=trading_halt; 종목명=이엔플러스; 사유=기타공익과투자자보호및시장관리상
2026-07-08,076080,UNKNOWN,market_alert,caution,kind,https://kind.krx.co.kr/investwarn/investattentwarnrisky.do?method=investattentwarnriskyMain,_report/raw/2026/2026-07-08/kind/status-source-probe/market_alert_caution.xls,high,snapshot=market_alert_caution; 종목명=웰크론한텍; 유형=소수지점/계좌; 공시일=2026-07-07 | duplicate_source_row=snapshot=market_alert_caution; 종목명=웰크론한텍; 유형=매매관여과다종목; 공시일=2026-07-07
2026-07-08,077360,UNKNOWN,market_alert,caution,kind,https://kind.krx.co.kr/investwarn/investattentwarnrisky.do?method=investattentwarnriskyMain,_report/raw/2026/2026-07-08/kind/status-source-probe/market_alert_caution.xls,high,snapshot=market_alert_caution; 종목명=덕산하이메탈; 유형=소수지점/계좌; 공시일=2026-07-07
2026-07-08,079190,UNKNOWN,trading_halt,halted,kind,https://kind.krx.co.kr/investwarn/tradinghaltissue.do?method=searchTradingHaltIssueMain,_report/raw/2026/2026-07-08/kind/status-source-probe/trading_halt.xls,medium,"snapshot=trading_halt; 종목명=케스피온; 사유=주식의 병합, 분할 등 전자등록 변경, 말소"
2026-07-08,079970,UNKNOWN,trading_halt,halted,kind,https://kind.krx.co.kr/investwarn/tradinghaltissue.do?method=searchTradingHaltIssueMain,_report/raw/2026/2026-07-08/kind/status-source-probe/trading_halt.xls,medium,snapshot=trading_halt; 종목명=투비소프트; 사유=투자자 보호
2026-07-08,080720,UNKNOWN,trading_halt,halted,kind,https://kind.krx.co.kr/investwarn/tradinghaltissue.do?method=searchTradingHaltIssueMain,_report/raw/2026/2026-07-08/kind/status-source-probe/trading_halt.xls,medium,snapshot=trading_halt; 종목명=한국유니온제약; 사유=투자자 보호
2026-07-08,082660,UNKNOWN,trading_halt,halted,kind,https://kind.krx.co.kr/investwarn/tradinghaltissue.do?method=searchTradingHaltIssueMain,_report/raw/2026/2026-07-08/kind/status-source-probe/trading_halt.xls,medium,snapshot=trading_halt; 종목명=코스나인; 사유=투자자 보호
2026-07-08,085810,UNKNOWN,market_alert,caution,kind,https://kind.krx.co.kr/investwarn/investattentwarnrisky.do?method=investattentwarnriskyMain,_report/raw/2026/2026-07-08/kind/status-source-probe/market_alert_caution.xls,high,snapshot=market_alert_caution; 종목명=알티캐스트; 유형=소수지점/계좌; 공시일=2026-07-07
2026-07-08,096610,UNKNOWN,trading_halt,halted,kind,https://kind.krx.co.kr/investwarn/tradinghaltissue.do?method=searchTradingHaltIssueMain,_report/raw/2026/2026-07-08/kind/status-source-probe/trading_halt.xls,medium,snapshot=trading_halt; 종목명=알에프세미; 사유=투자자 보호
2026-07-08,099520,UNKNOWN,trading_halt,halted,kind,https://kind.krx.co.kr/investwarn/tradinghaltissue.do?method=searchTradingHaltIssueMain,_report/raw/2026/2026-07-08/kind/status-source-probe/trading_halt.xls,medium,snapshot=trading_halt; 종목명=DGI; 사유=상장폐지 사유발생
2026-07-08,106080,UNKNOWN,trading_halt,halted,kind,https://kind.krx.co.kr/investwarn/tradinghaltissue.do?method=searchTradingHaltIssueMain,_report/raw/2026/2026-07-08/kind/status-source-probe/trading_halt.xls,medium,snapshot=trading_halt; 종목명=케이이엠텍; 사유=상장폐지 사유발생
2026-07-08,113810,UNKNOWN,trading_halt,halted,kind,https://kind.krx.co.kr/investwarn/tradinghaltissue.do?method=searchTradingHaltIssueMain,_report/raw/2026/2026-07-08/kind/status-source-probe/trading_halt.xls,medium,"snapshot=trading_halt; 종목명=디젠스; 사유=주식의 병합, 분할 등 전자등록 변경, 말소"
2026-07-08,117670,UNKNOWN,market_alert,caution,kind,https://kind.krx.co.kr/investwarn/investattentwarnrisky.do?method=investattentwarnriskyMain,_report/raw/2026/2026-07-08/kind/status-source-probe/market_alert_caution.xls,high,snapshot=market_alert_caution; 종목명=알파칩스; 유형=소수지점/계좌; 공시일=2026-07-07
2026-07-08,119650,UNKNOWN,trading_halt,halted,kind,https://kind.krx.co.kr/investwarn/tradinghaltissue.do?method=searchTradingHaltIssueMain,_report/raw/2026/2026-07-08/kind/status-source-probe/trading_halt.xls,medium,snapshot=trading_halt; 종목명=KC코트렐; 사유=기타공익과투자자보호및시장관리상
2026-07-08,121800,UNKNOWN,trading_halt,halted,kind,https://kind.krx.co.kr/investwarn/tradinghaltissue.do?method=searchTradingHaltIssueMain,_report/raw/2026/2026-07-08/kind/status-source-probe/trading_halt.xls,medium,snapshot=trading_halt; 종목명=비덴트; 사유=상장폐지 사유발생
2026-07-08,123010,UNKNOWN,trading_halt,halted,kind,https://kind.krx.co.kr/investwarn/tradinghaltissue.do?method=searchTradingHaltIssueMain,_report/raw/2026/2026-07-08/kind/status-source-probe/trading_halt.xls,medium,"snapshot=trading_halt; 종목명=알엔티엑스; 사유=주식의 병합, 분할 등 전자등록 변경, 말소"
2026-07-08,143210,UNKNOWN,trading_halt,halted,kind,https://kind.krx.co.kr/investwarn/tradinghaltissue.do?method=searchTradingHaltIssueMain,_report/raw/2026/2026-07-08/kind/status-source-probe/trading_halt.xls,medium,snapshot=trading_halt; 종목명=핸즈코퍼레이션; 사유=기타공익과투자자보호및시장관리상
2026-07-08,145210,UNKNOWN,trading_halt,halted,kind,https://kind.krx.co.kr/investwarn/tradinghaltissue.do?method=searchTradingHaltIssueMain,_report/raw/2026/2026-07-08/kind/status-source-probe/trading_halt.xls,medium,snapshot=trading_halt; 종목명=다이나믹디자인; 사유=기타공익과투자자보호
2026-07-08,147760,UNKNOWN,market_alert,caution,kind,https://kind.krx.co.kr/investwarn/investattentwarnrisky.do?method=investattentwarnriskyMain,_report/raw/2026/2026-07-08/kind/status-source-probe/market_alert_caution.xls,high,snapshot=market_alert_caution; 종목명=피엠티; 유형=소수지점/계좌; 공시일=2026-07-07
2026-07-08,175250,UNKNOWN,trading_halt,halted,kind,https://kind.krx.co.kr/investwarn/tradinghaltissue.do?method=searchTradingHaltIssueMain,_report/raw/2026/2026-07-08/kind/status-source-probe/trading_halt.xls,medium,snapshot=trading_halt; 종목명=아이큐어; 사유=상장적격성 실질심사 대상(사유발생)
2026-07-08,182400,UNKNOWN,trading_halt,halted,kind,https://kind.krx.co.kr/investwarn/tradinghaltissue.do?method=searchTradingHaltIssueMain,_report/raw/2026/2026-07-08/kind/status-source-probe/trading_halt.xls,medium,snapshot=trading_halt; 종목명=엔케이젠바이오텍코리아; 사유=상장폐지 사유발생
2026-07-08,183490,UNKNOWN,trading_halt,halted,kind,https://kind.krx.co.kr/investwarn/tradinghaltissue.do?method=searchTradingHaltIssueMain,_report/raw/2026/2026-07-08/kind/status-source-probe/trading_halt.xls,medium,snapshot=trading_halt; 종목명=엔지켐생명과학; 사유=상장폐지 사유발생
2026-07-08,196490,UNKNOWN,trading_halt,halted,kind,https://kind.krx.co.kr/investwarn/tradinghaltissue.do?method=searchTradingHaltIssueMain,_report/raw/2026/2026-07-08/kind/status-source-probe/trading_halt.xls,medium,snapshot=trading_halt; 종목명=디에이테크놀로지; 사유=투자자 보호
2026-07-08,203690,UNKNOWN,delisting,delisted,kind,https://kind.krx.co.kr/investwarn/delcompany.do?method=searchDelCompanyMain,_report/raw/2026/2026-07-08/kind/status-source-probe/delisted_company.xls,high,snapshot=delisted_company; 회사명=아크솔루션스; 폐지사유=기업의 계속성 및 경영의 투명성 등을 종합적으로 고려하여 상장폐지기준에 해당한다고 결정
2026-07-08,210120,UNKNOWN,trading_halt,halted,kind,https://kind.krx.co.kr/investwarn/tradinghaltissue.do?method=searchTradingHaltIssueMain,_report/raw/2026/2026-07-08/kind/status-source-probe/trading_halt.xls,medium,"snapshot=trading_halt; 종목명=캔버스엔; 사유=주식의 병합, 분할 등 전자등록 변경, 말소"
2026-07-08,212310,UNKNOWN,trading_halt,halted,kind,https://kind.krx.co.kr/investwarn/tradinghaltissue.do?method=searchTradingHaltIssueMain,_report/raw/2026/2026-07-08/kind/status-source-probe/trading_halt.xls,medium,snapshot=trading_halt; 종목명=오건에코텍; 사유=코넥스 주권 상장폐지 사유발생
2026-07-08,214330,UNKNOWN,trading_halt,halted,kind,https://kind.krx.co.kr/investwarn/tradinghaltissue.do?method=searchTradingHaltIssueMain,_report/raw/2026/2026-07-08/kind/status-source-probe/trading_halt.xls,medium,snapshot=trading_halt; 종목명=금호에이치티
2026-07-08,214610,UNKNOWN,trading_halt,halted,kind,https://kind.krx.co.kr/investwarn/tradinghaltissue.do?method=searchTradingHaltIssueMain,_report/raw/2026/2026-07-08/kind/status-source-probe/trading_halt.xls,medium,snapshot=trading_halt; 종목명=롤링스톤; 사유=상장폐지 사유발생
2026-07-08,215480,UNKNOWN,market_alert,caution,kind,https://kind.krx.co.kr/investwarn/investattentwarnrisky.do?method=investattentwarnriskyMain,_report/raw/2026/2026-07-08/kind/status-source-probe/market_alert_caution.xls,high,snapshot=market_alert_caution; 종목명=토박스코리아; 유형=소수지점/계좌; 공시일=2026-07-07 | duplicate_source_row=snapshot=market_alert_caution; 종목명=토박스코리아; 유형=매매관여과다종목; 공시일=2026-07-07
2026-07-08,217480,UNKNOWN,trading_halt,halted,kind,https://kind.krx.co.kr/investwarn/tradinghaltissue.do?method=searchTradingHaltIssueMain,_report/raw/2026/2026-07-08/kind/status-source-probe/trading_halt.xls,medium,snapshot=trading_halt; 종목명=에스디생명공학; 사유=상장폐지 사유발생
2026-07-08,222670,UNKNOWN,trading_halt,halted,kind,https://kind.krx.co.kr/investwarn/tradinghaltissue.do?method=searchTradingHaltIssueMain,_report/raw/2026/2026-07-08/kind/status-source-probe/trading_halt.xls,medium,snapshot=trading_halt; 종목명=플럼라인생명과학; 사유=코넥스 주권 상장폐지 사유발생
2026-07-08,227610,UNKNOWN,market_alert,caution,kind,https://kind.krx.co.kr/investwarn/investattentwarnrisky.do?method=investattentwarnriskyMain,_report/raw/2026/2026-07-08/kind/status-source-probe/market_alert_caution.xls,high,snapshot=market_alert_caution; 종목명=아우딘퓨쳐스; 유형=소수지점/계좌; 공시일=2026-07-07
2026-07-08,232530,UNKNOWN,trading_halt,halted,kind,https://kind.krx.co.kr/investwarn/tradinghaltissue.do?method=searchTradingHaltIssueMain,_report/raw/2026/2026-07-08/kind/status-source-probe/trading_halt.xls,medium,snapshot=trading_halt; 종목명=이엠티; 사유=사업보고서 미제출
2026-07-08,234920,UNKNOWN,trading_halt,halted,kind,https://kind.krx.co.kr/investwarn/tradinghaltissue.do?method=searchTradingHaltIssueMain,_report/raw/2026/2026-07-08/kind/status-source-probe/trading_halt.xls,medium,snapshot=trading_halt; 종목명=자이글; 사유=상장적격성 실질심사 대상(사유발생)
2026-07-08,238500,UNKNOWN,trading_halt,halted,kind,https://kind.krx.co.kr/investwarn/tradinghaltissue.do?method=searchTradingHaltIssueMain,_report/raw/2026/2026-07-08/kind/status-source-probe/trading_halt.xls,medium,snapshot=trading_halt; 종목명=솔루믹스; 사유=코넥스 주권 상장폐지 사유발생
2026-07-08,241820,UNKNOWN,trading_halt,halted,kind,https://kind.krx.co.kr/investwarn/tradinghaltissue.do?method=searchTradingHaltIssueMain,_report/raw/2026/2026-07-08/kind/status-source-probe/trading_halt.xls,medium,snapshot=trading_halt; 종목명=피씨엘; 사유=투자자 보호
2026-07-08,244460,UNKNOWN,trading_halt,halted,kind,https://kind.krx.co.kr/investwarn/tradinghaltissue.do?method=searchTradingHaltIssueMain,_report/raw/2026/2026-07-08/kind/status-source-probe/trading_halt.xls,medium,snapshot=trading_halt; 종목명=올리패스; 사유=투자자 보호
2026-07-08,245620,UNKNOWN,trading_halt,halted,kind,https://kind.krx.co.kr/investwarn/tradinghaltissue.do?method=searchTradingHaltIssueMain,_report/raw/2026/2026-07-08/kind/status-source-probe/trading_halt.xls,medium,snapshot=trading_halt; 종목명=EDGC; 사유=투자자 보호
2026-07-08,246250,UNKNOWN,trading_halt,halted,kind,https://kind.krx.co.kr/investwarn/tradinghaltissue.do?method=searchTradingHaltIssueMain,_report/raw/2026/2026-07-08/kind/status-source-probe/trading_halt.xls,medium,snapshot=trading_halt; 종목명=에스엘에스바이오; 사유=상장폐지 사유발생
2026-07-08,246720,UNKNOWN,trading_halt,halted,kind,https://kind.krx.co.kr/investwarn/tradinghaltissue.do?method=searchTradingHaltIssueMain,_report/raw/2026/2026-07-08/kind/status-source-probe/trading_halt.xls,medium,snapshot=trading_halt; 종목명=아스타; 사유=상장폐지 사유발생
2026-07-08,250930,UNKNOWN,trading_halt,halted,kind,https://kind.krx.co.kr/investwarn/tradinghaltissue.do?method=searchTradingHaltIssueMain,_report/raw/2026/2026-07-08/kind/status-source-probe/trading_halt.xls,medium,"snapshot=trading_halt; 종목명=예선테크; 사유=주식의 병합, 분할 등 전자등록 변경, 말소"
2026-07-08,258050,UNKNOWN,trading_halt,halted,kind,https://kind.krx.co.kr/investwarn/tradinghaltissue.do?method=searchTradingHaltIssueMain,_report/raw/2026/2026-07-08/kind/status-source-probe/trading_halt.xls,medium,snapshot=trading_halt; 종목명=테크트랜스; 사유=코넥스 주권 상장폐지 사유발생
2026-07-08,258830,UNKNOWN,trading_halt,halted,kind,https://kind.krx.co.kr/investwarn/tradinghaltissue.do?method=searchTradingHaltIssueMain,_report/raw/2026/2026-07-08/kind/status-source-probe/trading_halt.xls,medium,snapshot=trading_halt; 종목명=세종메디칼; 사유=투자자 보호
2026-07-08,263050,UNKNOWN,trading_halt,halted,kind,https://kind.krx.co.kr/investwarn/tradinghaltissue.do?method=searchTradingHaltIssueMain,_report/raw/2026/2026-07-08/kind/status-source-probe/trading_halt.xls,medium,snapshot=trading_halt; 종목명=유틸렉스; 사유=투자자 보호
2026-07-08,265690,UNKNOWN,trading_halt,halted,kind,https://kind.krx.co.kr/investwarn/tradinghaltissue.do?method=searchTradingHaltIssueMain,_report/raw/2026/2026-07-08/kind/status-source-probe/trading_halt.xls,medium,"snapshot=trading_halt; 종목명=ACE 러시아MSCI(합성); 사유=투자유의종목(ETF,ETN)"
2026-07-08,266170,UNKNOWN,trading_halt,halted,kind,https://kind.krx.co.kr/investwarn/tradinghaltissue.do?method=searchTradingHaltIssueMain,_report/raw/2026/2026-07-08/kind/status-source-probe/trading_halt.xls,medium,snapshot=trading_halt; 종목명=레드우즈; 사유=코넥스 주권 상장폐지 사유발생
2026-07-08,266350,UNKNOWN,trading_halt,halted,kind,https://kind.krx.co.kr/investwarn/tradinghaltissue.do?method=searchTradingHaltIssueMain,_report/raw/2026/2026-07-08/kind/status-source-probe/trading_halt.xls,medium,snapshot=trading_halt; 종목명=팡스카이; 사유=기타 투자자보호
2026-07-08,267080,UNKNOWN,trading_halt,halted,kind,https://kind.krx.co.kr/investwarn/tradinghaltissue.do?method=searchTradingHaltIssueMain,_report/raw/2026/2026-07-08/kind/status-source-probe/trading_halt.xls,medium,snapshot=trading_halt; 종목명=세븐브로이맥주; 사유=코넥스 주권 상장폐지 사유발생
2026-07-08,269620,UNKNOWN,trading_halt,halted,kind,https://kind.krx.co.kr/investwarn/tradinghaltissue.do?method=searchTradingHaltIssueMain,_report/raw/2026/2026-07-08/kind/status-source-probe/trading_halt.xls,medium,snapshot=trading_halt; 종목명=시스웍; 사유=투자자 보호
2026-07-08,276040,UNKNOWN,trading_halt,halted,kind,https://kind.krx.co.kr/investwarn/tradinghaltissue.do?method=searchTradingHaltIssueMain,_report/raw/2026/2026-07-08/kind/status-source-probe/trading_halt.xls,medium,snapshot=trading_halt; 종목명=스코넥; 사유=파산신청(발행 ELW 포함)
2026-07-08,277410,UNKNOWN,trading_halt,halted,kind,https://kind.krx.co.kr/investwarn/tradinghaltissue.do?method=searchTradingHaltIssueMain,_report/raw/2026/2026-07-08/kind/status-source-probe/trading_halt.xls,medium,"snapshot=trading_halt; 종목명=인산가; 사유=주식의 병합, 분할 등 전자등록 변경, 말소"
2026-07-08,279060,UNKNOWN,trading_halt,halted,kind,https://kind.krx.co.kr/investwarn/tradinghaltissue.do?method=searchTradingHaltIssueMain,_report/raw/2026/2026-07-08/kind/status-source-probe/trading_halt.xls,medium,snapshot=trading_halt; 종목명=이노벡스; 사유=코넥스 주권 상장폐지 사유발생
2026-07-08,284620,UNKNOWN,trading_halt,halted,kind,https://kind.krx.co.kr/investwarn/tradinghaltissue.do?method=searchTradingHaltIssueMain,_report/raw/2026/2026-07-08/kind/status-source-probe/trading_halt.xls,medium,snapshot=trading_halt; 종목명=카이노스메드; 사유=투자자 보호
2026-07-08,288330,UNKNOWN,trading_halt,halted,kind,https://kind.krx.co.kr/investwarn/tradinghaltissue.do?method=searchTradingHaltIssueMain,_report/raw/2026/2026-07-08/kind/status-source-probe/trading_halt.xls,medium,snapshot=trading_halt; 종목명=파라택시스코리아; 사유=상장폐지 사유발생
2026-07-08,294090,UNKNOWN,trading_halt,halted,kind,https://kind.krx.co.kr/investwarn/tradinghaltissue.do?method=searchTradingHaltIssueMain,_report/raw/2026/2026-07-08/kind/status-source-probe/trading_halt.xls,medium,snapshot=trading_halt; 종목명=이오플로우; 사유=상장적격성 실질심사 대상(사유발생)
2026-07-08,309710,UNKNOWN,trading_halt,halted,kind,https://kind.krx.co.kr/investwarn/tradinghaltissue.do?method=searchTradingHaltIssueMain,_report/raw/2026/2026-07-08/kind/status-source-probe/trading_halt.xls,medium,snapshot=trading_halt; 종목명=아이티켐; 사유=상장폐지 사유발생
2026-07-08,313760,UNKNOWN,trading_halt,halted,kind,https://kind.krx.co.kr/investwarn/tradinghaltissue.do?method=searchTradingHaltIssueMain,_report/raw/2026/2026-07-08/kind/status-source-probe/trading_halt.xls,medium,snapshot=trading_halt; 종목명=캐리; 사유=상장폐지 사유발생
2026-07-08,320000,UNKNOWN,market_alert,caution,kind,https://kind.krx.co.kr/investwarn/investattentwarnrisky.do?method=investattentwarnriskyMain,_report/raw/2026/2026-07-08/kind/status-source-probe/market_alert_caution.xls,high,snapshot=market_alert_caution; 종목명=한울반도체; 유형=투자경고 지정해제; 공시일=2026-07-07
2026-07-08,327610,UNKNOWN,trading_halt,halted,kind,https://kind.krx.co.kr/investwarn/tradinghaltissue.do?method=searchTradingHaltIssueMain,_report/raw/2026/2026-07-08/kind/status-source-probe/trading_halt.xls,medium,snapshot=trading_halt; 종목명=펨토바이오메드; 사유=지정자문인 계약해지
2026-07-08,331920,UNKNOWN,market_alert,caution,kind,https://kind.krx.co.kr/investwarn/investattentwarnrisky.do?method=investattentwarnriskyMain,_report/raw/2026/2026-07-08/kind/status-source-probe/market_alert_caution.xls,high,snapshot=market_alert_caution; 종목명=셀레믹스; 유형=소수지점/계좌; 공시일=2026-07-07
2026-07-08,340930,UNKNOWN,trading_halt,halted,kind,https://kind.krx.co.kr/investwarn/tradinghaltissue.do?method=searchTradingHaltIssueMain,_report/raw/2026/2026-07-08/kind/status-source-probe/trading_halt.xls,medium,snapshot=trading_halt; 종목명=성원에너텍; 사유=상장폐지 사유발생
2026-07-08,346010,UNKNOWN,trading_halt,halted,kind,https://kind.krx.co.kr/investwarn/tradinghaltissue.do?method=searchTradingHaltIssueMain,_report/raw/2026/2026-07-08/kind/status-source-probe/trading_halt.xls,medium,snapshot=trading_halt; 종목명=타이드; 사유=코넥스 주권 상장폐지 사유발생
2026-07-08,348080,UNKNOWN,trading_halt,halted,kind,https://kind.krx.co.kr/investwarn/tradinghaltissue.do?method=searchTradingHaltIssueMain,_report/raw/2026/2026-07-08/kind/status-source-probe/trading_halt.xls,medium,"snapshot=trading_halt; 종목명=큐라티스; 사유=주식의 병합, 분할 등 전자등록 변경, 말소"
2026-07-08,348950,UNKNOWN,trading_halt,halted,kind,https://kind.krx.co.kr/investwarn/tradinghaltissue.do?method=searchTradingHaltIssueMain,_report/raw/2026/2026-07-08/kind/status-source-probe/trading_halt.xls,medium,"snapshot=trading_halt; 종목명=제이알글로벌리츠; 사유=회생절차개시신청(발행ELW, 발행ETN 포함)"
2026-07-08,352770,UNKNOWN,trading_halt,halted,kind,https://kind.krx.co.kr/investwarn/tradinghaltissue.do?method=searchTradingHaltIssueMain,_report/raw/2026/2026-07-08/kind/status-source-probe/trading_halt.xls,medium,snapshot=trading_halt; 종목명=셀레스트라; 사유=투자자 보호
2026-07-08,354200,UNKNOWN,trading_halt,halted,kind,https://kind.krx.co.kr/investwarn/tradinghaltissue.do?method=searchTradingHaltIssueMain,_report/raw/2026/2026-07-08/kind/status-source-probe/trading_halt.xls,medium,"snapshot=trading_halt; 종목명=엔젠바이오; 사유=주식의 병합, 분할 등 전자등록 변경, 말소"
2026-07-08,368970,UNKNOWN,market_alert,caution,kind,https://kind.krx.co.kr/investwarn/investattentwarnrisky.do?method=investattentwarnriskyMain,_report/raw/2026/2026-07-08/kind/status-source-probe/market_alert_caution.xls,high,snapshot=market_alert_caution; 종목명=오에스피; 유형=소수지점/계좌; 공시일=2026-07-07
2026-07-08,372800,UNKNOWN,market_alert,warning,kind,https://kind.krx.co.kr/investwarn/investattentwarnrisky.do?method=investattentwarnriskyMain,_report/raw/2026/2026-07-08/kind/status-source-probe/market_alert_warning.xls,high,snapshot=market_alert_warning; 종목명=아이티아이즈; 공시일=2026-07-07
2026-07-08,377460,UNKNOWN,trading_halt,halted,kind,https://kind.krx.co.kr/investwarn/tradinghaltissue.do?method=searchTradingHaltIssueMain,_report/raw/2026/2026-07-08/kind/status-source-probe/trading_halt.xls,medium,snapshot=trading_halt; 종목명=큐에이드; 사유=상장적격성 실질심사 대상(사유발생)
2026-07-08,380540,UNKNOWN,trading_halt,halted,kind,https://kind.krx.co.kr/investwarn/tradinghaltissue.do?method=searchTradingHaltIssueMain,_report/raw/2026/2026-07-08/kind/status-source-probe/trading_halt.xls,medium,snapshot=trading_halt; 종목명=옵티코어; 사유=상장폐지 사유발생
2026-07-08,393970,UNKNOWN,trading_halt,halted,kind,https://kind.krx.co.kr/investwarn/tradinghaltissue.do?method=searchTradingHaltIssueMain,_report/raw/2026/2026-07-08/kind/status-source-probe/trading_halt.xls,medium,snapshot=trading_halt; 종목명=대진첨단소재; 사유=상장폐지 사유발생
2026-07-08,412540,UNKNOWN,trading_halt,halted,kind,https://kind.krx.co.kr/investwarn/tradinghaltissue.do?method=searchTradingHaltIssueMain,_report/raw/2026/2026-07-08/kind/status-source-probe/trading_halt.xls,medium,snapshot=trading_halt; 종목명=제일엠앤에스; 사유=상장폐지 사유발생
2026-07-08,418250,UNKNOWN,trading_halt,halted,kind,https://kind.krx.co.kr/investwarn/tradinghaltissue.do?method=searchTradingHaltIssueMain,_report/raw/2026/2026-07-08/kind/status-source-probe/trading_halt.xls,medium,snapshot=trading_halt; 종목명=시큐레터; 사유=상장적격성 실질심사 대상(사유발생)
2026-07-08,419080,UNKNOWN,market_alert,caution,kind,https://kind.krx.co.kr/investwarn/investattentwarnrisky.do?method=investattentwarnriskyMain,_report/raw/2026/2026-07-08/kind/status-source-probe/market_alert_caution.xls,high,snapshot=market_alert_caution; 종목명=엔젯; 유형=소수지점/계좌; 공시일=2026-07-07
2026-07-08,446840,UNKNOWN,trading_halt,halted,kind,https://kind.krx.co.kr/investwarn/tradinghaltissue.do?method=searchTradingHaltIssueMain,_report/raw/2026/2026-07-08/kind/status-source-probe/trading_halt.xls,medium,"snapshot=trading_halt; 종목명=지슨; 사유=주식의 병합, 분할 등 전자등록 변경, 말소"
2026-07-08,465320,UNKNOWN,trading_halt,halted,kind,https://kind.krx.co.kr/investwarn/tradinghaltissue.do?method=searchTradingHaltIssueMain,_report/raw/2026/2026-07-08/kind/status-source-probe/trading_halt.xls,medium,snapshot=trading_halt; 종목명=교보15호스팩; 사유=SPAC 합병(예비심사청구대상)
2026-07-08,465770,UNKNOWN,market_alert,caution,kind,https://kind.krx.co.kr/investwarn/investattentwarnrisky.do?method=investattentwarnriskyMain,_report/raw/2026/2026-07-08/kind/status-source-probe/market_alert_caution.xls,high,snapshot=market_alert_caution; 종목명=STX그린로지스; 유형=소수지점/계좌; 공시일=2026-07-07 | duplicate_source_row=snapshot=market_alert_caution; 종목명=STX그린로지스; 유형=매매관여과다종목; 공시일=2026-07-07
2026-07-08,468760,UNKNOWN,trading_halt,halted,kind,https://kind.krx.co.kr/investwarn/tradinghaltissue.do?method=searchTradingHaltIssueMain,_report/raw/2026/2026-07-08/kind/status-source-probe/trading_halt.xls,medium,snapshot=trading_halt; 종목명=유진스팩10호; 사유=SPAC 합병(예비심사청구대상)
2026-07-08,469480,UNKNOWN,trading_halt,halted,kind,https://kind.krx.co.kr/investwarn/tradinghaltissue.do?method=searchTradingHaltIssueMain,_report/raw/2026/2026-07-08/kind/status-source-probe/trading_halt.xls,medium,snapshot=trading_halt; 종목명=IBKS제24호스팩; 사유=SPAC 합병(예비심사청구대상)
2026-07-08,482680,UNKNOWN,trading_halt,halted,kind,https://kind.krx.co.kr/investwarn/tradinghaltissue.do?method=searchTradingHaltIssueMain,_report/raw/2026/2026-07-08/kind/status-source-probe/trading_halt.xls,medium,snapshot=trading_halt; 종목명=미래에셋비전스팩7호; 사유=SPAC 합병(예비심사청구대상)
